"","id","challenge_1","challenge_2","challenge_3","challenge_4","challenge_5","att_challenge_1","att_challenge_2","att_challenge_3","att_challenge_4","att_challenge_5","criticism_1","criticism_2","criticism_3","criticism_4","criticism_5","att_criticism_1","att_criticism_2","att_criticism_3","att_criticism_4","att_criticism_5","failure_sc_1","failure_sc_2","criticism_sc_1","criticism_sc_2","challenge_sc","iq_ms_1","iq_ms_2","failure_ms_1","failure_ms_2","failure_ms_3","failure_ms_4","criticism_ms_1","criticism_ms_2","criticism_ms_3","criticism_ms_4","challenge_ms_1","challenge_ms_2","challenge_ms_3","challenge_ms_4","ego_res_1","ego_res_2","ego_res_3","ego_res_4","ego_res_5","ego_res_6","ego_res_7","ego_res_8","ego_res_9","ego_res_10","ego_res_11","iqms_avg","crms_avg","chms_avg","fms_avg","fsc_avg","crsc_avg","chall_attitude","crit_attitude","iq_mindset","criticism_mindset","challenge_mindset","failure_mindset","failure_scenario","criticism_scenario","challenge_attitude","criticism_attitude","challenge_scenario"
"1","r_szfrxon0rgrffoj","development","difficulty","bonyolult","komplikalt","edzes",5,2,3,4,4,"development","tamogatas","positive","feedback","eloremutato",5,4,5,4,5,4,2,3,4,1,3,1,6,4,2,3,1,2,2,1,6,4,4,6,6,6,4,5,6,1,3,5,4,4,5,2,1.5,5,3.75,3,3.5,3.6,4.6,-1.97595949962539,-2.54356843574203,0.725547748585778,0.322779158477485,-0.702554652836315,-0.513619024801024,-0.0592296404700251,2.29713143452895,1
"2","r_xomcmrxnjp7rorr","difficulty","task","goal","competition","magabiztossag",2,3,4,3,4,"evaluation","improvement","komment","tanacs","hozzaertes",3,4,3,4,4,5,4,5,4,0,5,5,1,1,2,2,4,4,4,3,2,3,3,3,3,6,4,5,4,3,2,4,5,5,5,5,3.75,2.75,1.5,4.5,4.5,3.2,3.6,0.380464251480665,-0.234149427249897,-2.2341937753902,-2.09806453010365,1.16057370827657,1.03203822740393,-0.604142332794237,0.737948631159805,0
"3","r_2ujt5ayeq2zdhuw","effort","aggodalom","excitement","izgatottsag","jutalom",2,1,4,4,5,"elfogadas","learning","szomorusag","megfeleles","improvement",3,4,1,2,4,4,3,4,3,0,4,3,3,3,4,4,4,3,4,3,3,4,5,4,4,5,5,5,4,3,5,4,4,5,3,3.5,3.5,4,3.5,3.5,3.5,3.2,2.8,-0.797747624072362,-0.490751539304579,-0.589892928736879,0.053796526412914,-0.0815118657986883,-0.513619024801024,-0.604142332794237,-0.509397611535511,0
"4","r_3oapbbq35snpuie","success","performance","buszkeseg","failure","szegyen",5,5,4,1,1,"learning","development","joindulat","rossz akaras","szulok",4,5,4,1,4,3,3,3,4,1,6,5,2,4,4,4,4,4,6,3,6,6,6,5,6,4,5,6,5,3,1,5,2,6,4,5.5,4.25,5.75,3.5,3,3.5,3.2,3.6,0.773201543331674,0.279054796859466,1.71212825657777,0.053796526412914,-0.702554652836315,-0.513619024801024,-0.604142332794237,0.737948631159805,1
"5","r_2cqathxpnsphnte","success","struggle","task","time","stress",4,4,3,4,2,"opinion","malice","constructive","movie","zsuri",4,2,4,3,3,3,4,4,5,1,3,5,4,5,5,4,5,4,4,3,5,5,4,5,4,4,5,5,4,3,2,6,5,4,5,4,4,4.75,4.5,3.5,4.5,3.4,3.2,-0.405010332221353,0.0224526848047847,0.396687579255114,1.1297270546712,-0.0815118657986883,1.03203822740393,-0.331685986632131,0.114275509812148,1
"6","r_2dnnciuyxap2riy","struggle","goal","perseverance","task","life",3,5,4,2,4,"opinion","constructive","oszinte","motivacio","komoly",3,5,4,4,3,3,2,5,5,0,5,5,2,3,3,4,6,3,6,5,4,2,5,5,3,4,5,4,4,3,3,5,2,3,3,5,5,4,3,2.5,5,3.6,3.8,0.380464251480665,1.04886113302351,-0.589892928736879,-0.484168737716228,-1.32359743987394,1.8048668535064,-0.0592296404700251,1.04978519183363,0
"7","r_1inte3nzr7uawsk","struggle","work","development","difficulty","perseverance",4,2,5,1,4,"bad","development","mistake","constructive","improvement",1,5,3,4,3,5,5,4,5,0,4,3,4,3,6,4,6,5,6,6,5,4,5,4,4,4,2,3,5,5,2,5,2,6,5,3.5,5.75,4.5,4.25,5,4.5,3.2,3.2,-0.797747624072362,1.81866746918756,0.0678274099244497,0.860744422606627,1.78161649531419,1.03203822740393,-0.604142332794237,0.114275509812148,0
"8","r_1crjc79zgtwuaod","victory","struggle","willpower","novelty","goal",5,5,5,4,5,"constructive","insulting","tamogatas","help","pain",5,2,5,5,2,4,2,3,3,1,4,2,4,4,4,4,5,4,4,4,5,5,4,5,4,5,3,5,5,3,4,5,5,5,6,3,4.25,4.75,4,3,3,4.8,3.8,-1.19048491592337,0.279054796859466,0.396687579255114,0.591761790542056,-0.702554652836315,-1.2864476509035,1.57550843650261,1.04978519183363,1
"9","r_2awuqdfrqhwcoc9","motivation","performance","osszpontositas","goal","erobefektetes",5,4,4,5,4,"constructive","opinion","korrigalas","tanacs","insulting",5,4,2,4,1,4,5,5,4,1,5,5,1,2,6,6,5,4,6,6,5,5,6,5,5,4,3,5,6,6,5,6,6,6,5,5,5.25,5.25,3.75,4.5,4.5,4.4,3.2,0.380464251480665,1.30546324507819,1.05440791791644,0.322779158477485,1.16057370827657,1.03203822740393,1.0305957441784,0.114275509812148,1
"10","r_e9fz1wfmquawnkx","development","en","szakma","egyediseg","competition",5,5,5,5,5,"development","szkepticizmus","negativitas","ellenfel","jovo",5,2,1,5,5,4,4,5,3,0,5,6,2,2,5,6,3,3,5,5,3,4,6,6,4,2,5,4,4,5,6,4,4,4,4,5.5,4,4.75,3.75,4,4,5,3.6,0.773201543331674,0.0224526848047847,0.396687579255114,0.322779158477485,0.539530921238938,0.259209601301451,1.84796478266472,0.737948631159805,0
"11","r_3g2gstpzucvvmq5","excitement","development","struggle","result","success",5,4,2,4,5,"constructive","negative","opinion","mu","szakember",5,2,3,4,3,5,4,5,5,0,3,3,3,4,6,5,5,3,4,4,5,6,6,6,6,5,6,6,6,3,5,5,4,6,6,3,4,5.75,4.5,4.5,5,4,3.4,-1.19048491592337,0.0224526848047847,1.71212825657777,1.1297270546712,1.16057370827657,1.8048668535064,0.485683051854187,0.426112070485976,0
"12","r_3es3mjwpt15ukoy","difficulty","work","success","megprobaltatas","trying",2,4,5,3,3,"opinion","help","elemzes","evaluation","ismeret",4,5,4,4,3,4,3,3,4,0,5,4,2,1,3,4,4,3,3,4,2,3,5,4,3,2,4,4,4,4,5,5,4,4,3,4.5,3.5,3.5,2.5,3.5,3.5,3.4,4,-0.012273040370344,-0.490751539304579,-1.24761326739821,-1.02213400184537,-0.0815118657986883,-0.513619024801024,-0.331685986632131,1.36162175250746,0
"13","r_3kbm45eknorp76z","difficulty","idoigenyes","megterules","versenyszellem","felhivas",3,2,5,4,3,"igazsag","tudalekossag","feedback","ellenorzes","beszelgetes",3,2,5,3,4,4,3,4,4,1,5,5,1,3,5,3,5,4,4,4,4,5,4,5,5,4,5,6,6,3,4,5,6,4,4,5,4.25,4.5,3,3.5,4,3.4,3.4,0.380464251480665,0.279054796859466,0.0678274099244497,-0.484168737716228,-0.0815118657986883,0.259209601301451,-0.331685986632131,0.426112070485976,1
"14","r_20zgrptplgzmebi","goal","krizis","result","difficulty","uj",3,4,4,2,4,"opinion","development","lehetoseg","szinhaz","onmagam",3,4,5,5,4,4,3,4,4,0,2,2,2,3,5,4,4,4,4,4,4,4,4,4,3,2,2,2,4,3,2,4,2,3,4,2,4,4,3.5,3.5,4,3.4,4.2,-1.97595949962539,0.0224526848047847,-0.589892928736879,0.053796526412914,-0.0815118657986883,0.259209601301451,-0.331685986632131,1.67345831318129,0
"15","r_oxkclm1yim85za5","jovo","epites","lefoglal","aktivitas","learning",4,5,4,4,4,"constructive","elorejutas","oszinte","malice","feltekenyseg",5,5,5,1,1,4,5,3,5,1,6,6,3,6,4,4,6,6,4,6,6,6,6,4,6,2,1,6,6,1,1,4,2,4,6,6,5.5,5.5,4.25,4.5,4,4.2,3.4,1.16593883518268,1.56206535713287,1.38326808724711,0.860744422606627,1.16057370827657,0.259209601301451,0.758139398016293,0.426112070485976,1
"16","r_1dbqfpszlmi0brq","difficulty","merce","elismeres","task","onertekeles",4,2,5,4,5,"positive","negative","help","offense","opinion",5,1,5,1,4,3,4,4,4,0,6,5,2,2,3,3,5,5,5,6,4,5,5,4,2,6,1,4,3,5,5,4,4,4,6,5.5,5.25,4.5,2.5,3.5,4,4,3.2,0.773201543331674,1.30546324507819,0.0678274099244497,-1.02213400184537,-0.0815118657986883,0.259209601301451,0.485683051854187,0.114275509812148,0
"17","r_3pw6zi39j9txxon","difficulty","excitement","ketsegek","orom","csalodottsag",1,4,1,5,1,"constructive","megfeleles","feedback","elegedettseg","csalodottsag",4,2,3,5,1,1,3,4,4,0,4,4,2,2,2,2,4,3,3,3,3,3,3,3,3,5,5,4,4,3,3,4,3,4,4,4,3.25,3,2,2,4,2.4,3,-0.405010332221353,-0.74735365135926,-1.90533360605954,-1.56009926597451,-1.94464022691157,0.259209601301451,-1.69396771744266,-0.197561050861682,0
"18","r_24d6vwaxrbjs5vm","competition","performance","success","perseverance","tovabb",4,4,4,4,3,"mistake","tevedes","development","oszinteseg","kapcsolat",2,2,4,5,3,3,4,4,4,0,2,2,2,2,3,3,4,5,4,4,5,5,4,4,4,5,3,4,4,4,4,5,3,4,4,2,4.25,4.5,2.5,3.5,4,3.8,3.2,-1.97595949962539,0.279054796859466,0.0678274099244497,-1.02213400184537,-0.0815118657986883,0.259209601301451,0.213226705692081,0.114275509812148,0
"19","r_ai1kvgf8lyasgm1","competition","versenyzo","merce","struggle","performance",5,4,4,3,5,"opinion","negative","positive","evaluation","pontozas",3,1,5,4,3,3,4,4,5,1,6,6,3,5,6,4,5,5,5,5,5,6,5,6,5,6,6,5,6,4,3,4,3,3,5,6,5,5.5,4.5,3.5,4.5,4.2,3.2,1.16593883518268,1.04886113302351,1.38326808724711,1.1297270546712,-0.0815118657986883,1.03203822740393,0.758139398016293,0.114275509812148,1
"20","r_2xestszmtqmmfay","solution","folyamat","gondolkodas","success","failure",5,4,4,5,1,"constructive","elfogadas","kudarc","elrontott","visszassag",5,4,1,1,2,3,3,4,4,0,4,4,3,3,4,3,3,4,4,3,4,2,4,4,2,1,1,3,3,5,3,4,3,4,6,4,3.5,3.5,3.25,3,4,3.8,2.6,-0.405010332221353,-0.490751539304579,-1.24761326739821,-0.215186105651657,-0.702554652836315,0.259209601301451,0.213226705692081,-0.821234172209339,0
"21","r_1bymyfupxguwokw","odafigyeles","kemeny munka","stress","faradtsag","sok ido",3,4,1,1,2,"negative","constructive","positive","rossz teljesitmeny","hianyos",1,4,5,1,2,3,5,4,3,0,2,3,2,1,3,2,2,2,3,2,3,3,3,3,3,2,1,2,1,1,3,4,1,4,3,2.5,2.25,3,2,4,3.5,2.2,2.6,-1.58322220777438,-1.77376209957799,-1.90533360605954,-1.56009926597451,0.539530921238938,-0.513619024801024,-1.96642406360477,-0.821234172209339,0
"22","r_3dpbjgfa7i0nl0g","boldogit","competition","adrenalin","result","megfelelo",4,4,4,4,5,"movie","pozitiv-negativ","kritikus","opinion","fontos",4,3,3,4,5,4,4,4,3,0,2,2,4,4,4,4,5,4,4,5,4,4,4,5,5,6,5,5,5,3,3,6,5,5,6,2,4.5,4.25,4,4,3.5,4.2,3.8,-1.97595949962539,0.535656908914148,-0.261032759406215,0.591761790542056,0.539530921238938,-0.513619024801024,0.758139398016293,1.04978519183363,0
"23","r_3de2q9vk0zvuhz5","vizsga","difficulty","solution","obstacle","tudas",1,1,5,3,5,"hallgatas","juindulat","constructive","insulting","megoszto",4,5,5,1,3,1,5,1,5,0,6,5,2,3,5,1,5,5,5,5,4,5,5,4,3,5,4,3,3,3,3,5,3,3,5,5.5,5,4.5,2.75,3,3,3,3.6,0.773201543331674,1.04886113302351,0.0678274099244497,-0.753151369780799,-0.702554652836315,-1.2864476509035,-0.876598678956343,0.737948631159805,0
"24","r_scyjlzudn1yssup","power","willpower","orom","akarom","menni fog",4,5,5,5,5,"en","szemelyek","szomorusag","megbantas","eloiteletesseg",3,2,1,2,2,3,4,4,3,1,4,4,3,4,4,4,4,4,4,4,5,4,4,5,4,3,3,3,4,3,3,4,4,4,4,4,4,4.5,3.75,3.5,3.5,4.8,2,-0.405010332221353,0.0224526848047847,0.0678274099244497,0.322779158477485,-0.0815118657986883,-0.513619024801024,1.57550843650261,-1.75674385423083,1
"25","r_31xwpjuwfzxl3mv","erobefektetes","versenyszellem","esz","idozites","ambicio",5,3,5,2,5,"opinion","megbelyegzes","masok","befolyasolas","movie",3,1,3,2,3,1,3,4,4,0,6,6,4,2,6,3,5,4,4,3,3,4,4,4,2,3,1,4,3,2,2,5,3,5,4,6,4,3.75,3.75,2,4,4,2.4,1.16593883518268,0.0224526848047847,-0.918753098067543,0.322779158477485,-1.94464022691157,0.259209601301451,0.485683051854187,-1.13307073288317,0
"26","r_5bew67fgo84hzjt","struggle","goal","motivation","iskola","sport",5,5,5,2,4,"eliteles","szomorusag","depresszio","megalazas","szigor",1,1,1,1,2,4,2,4,3,0,5,5,2,1,2,2,1,1,2,3,4,4,3,3,2,5,2,4,3,3,2,4,3,5,2,5,1.75,3.5,1.75,3,3.5,4.2,1.2,0.380464251480665,-2.28696632368735,-1.24761326739821,-1.82908189803908,-0.702554652836315,-0.513619024801024,0.758139398016293,-3.00409009692614,0
"27","r_27qpok8eryucdax","goal","life","university","gyermekvallalas","victory",5,5,4,4,5,"positive","negative","constructive","oszinte","lehangolo",5,5,4,5,1,3,4,5,4,1,6,4,3,4,5,5,6,5,5,5,4,6,6,5,4,4,4,5,4,5,6,6,5,5,5,5,5.25,5.25,4.25,3.5,4.5,4.6,4,0.380464251480665,1.30546324507819,1.05440791791644,0.860744422606627,-0.0815118657986883,1.03203822740393,1.3030520903405,1.36162175250746,1
"28","r_1itavdjws3kshhr","motivation","opportunity","success","bukas","batorsag",5,4,5,1,4,"constructive","negative","lehetoseg","development","opinion",4,1,4,5,3,4,5,4,5,0,3,3,4,5,5,5,4,5,4,3,4,5,4,3,3,5,2,5,4,3,3,3,5,4,6,3,4,4,4.75,4.5,4.5,3.8,3.4,-1.19048491592337,0.0224526848047847,-0.589892928736879,1.39870968673577,1.16057370827657,1.03203822740393,0.213226705692081,0.426112070485976,0
"29","r_3niofhtfsvbboxv","performance","kepesnek lenni","szenvedes","tulesni rajta","atvagni az akadalyokon",5,5,1,3,5,"constructive","pain","learning","objektiv","evaluation",5,1,5,5,1,3,3,4,4,0,5,5,1,2,3,4,3,3,2,2,5,5,5,3,3,4,6,5,4,2,4,5,1,4,5,5,2.5,4.5,2.5,3,4,3.8,3.4,0.380464251480665,-1.51715998752331,0.0678274099244497,-1.02213400184537,-0.702554652836315,0.259209601301451,0.213226705692081,0.426112070485976,0
"30","r_1fg44s3rbru2578","struggle","success","faradtsag","fear","elakadas",4,5,3,2,1,"felesleges","offense","kelemetlen","elnyomo","folyamatos",3,1,2,2,1,4,4,5,3,0,2,2,1,1,2,1,2,2,2,1,1,4,3,3,3,2,2,2,3,2,3,4,2,4,4,2,1.75,2.75,1.25,4,4,3,1.8,-1.97595949962539,-2.28696632368735,-2.2341937753902,-2.36704716216823,0.539530921238938,0.259209601301451,-0.876598678956343,-2.06858041490465,0
"31","r_3n0hlmxzuwtgsha","success","szerencse","uj dolgok","uj emberek","nyeres",5,5,5,5,5,"negative","positive","igazsag","hazugsag","mas velemenye",1,5,5,1,3,5,3,4,5,1,5,5,2,4,5,2,4,2,5,5,6,5,5,5,4,6,5,6,6,6,5,6,5,5,5,5,4,5.25,3.25,4,4.5,5,3,0.380464251480665,0.0224526848047847,1.05440791791644,-0.215186105651657,0.539530921238938,1.03203822740393,1.84796478266472,-0.197561050861682,1
"32","r_2fjm4mfw0yqcm3b","onfejlesztes","task","development","motivation","victory",5,3,5,5,5,"constructive","development","zsuri","megkuzdes","atertekeles",5,5,3,4,4,4,4,4,4,1,5,5,4,4,5,3,4,5,5,6,5,4,5,5,5,6,3,5,5,3,4,6,2,1,5,5,5,4.75,4,4,4,4.6,4.2,0.380464251480665,1.04886113302351,0.396687579255114,0.591761790542056,0.539530921238938,0.259209601301451,1.3030520903405,1.67345831318129,1
"33","r_3pncl3xogchepqw","task","megvalositando","elmeny","development","performance",3,4,5,5,3,"opinion","constructive","szivbemarkolo","lehuzas","evaluation",5,5,2,1,3,5,1,4,4,1,4,4,3,3,6,5,5,4,6,5,5,5,6,6,4,4,3,4,5,4,4,4,5,5,6,4,5,5.5,4.25,3,4,4,3.2,-0.405010332221353,1.04886113302351,1.38326808724711,0.860744422606627,-0.702554652836315,0.259209601301451,0.485683051854187,0.114275509812148,1
"34","r_3fldidltkz5dynx","targyak","kapcsolat","idobeosztas","donteshozatal","epites",2,3,2,2,4,"evaluation","velemenynyilvanitas","onkritika","judgement","hir",4,5,2,1,4,1,2,4,4,0,6,6,1,1,5,2,2,2,2,2,4,4,5,3,4,5,5,4,5,3,4,5,6,6,4,6,2,4,2.25,1.5,4,2.6,3.2,1.16593883518268,-2.03036421163267,-0.589892928736879,-1.29111663390994,-2.5656830139492,0.259209601301451,-1.42151137128056,0.114275509812148,0
"35","r_3lz8rblqdbekzyt","goal","eszkoz","elore","targy","parbaj",5,3,5,4,3,"biro","review","opinion","szobor","madagaszkar",4,2,5,3,5,4,5,5,4,0,4,1,2,3,5,4,4,3,5,5,5,4,4,5,4,5,6,4,4,5,2,4,4,4,5,2.5,4.25,4.5,3.5,4.5,4.5,4,3.8,-1.58322220777438,0.279054796859466,0.0678274099244497,0.053796526412914,1.16057370827657,1.03203822740393,0.485683051854187,1.04978519183363,0
"36","r_w0chfbidymdefzf","hegymaszas","elszantsag","turelem","power","akaratero",5,5,5,5,5,"rossz erzes","constructive","szigoru ember","showmusor","banto szavak",1,5,3,4,1,4,3,3,4,0,5,5,2,2,4,3,4,4,5,4,4,4,4,5,4,3,2,3,4,1,3,4,3,4,3,5,4.25,4.25,2.75,3.5,3.5,5,2.8,0.380464251480665,0.279054796859466,-0.261032759406215,-0.753151369780799,-0.0815118657986883,-0.513619024801024,1.84796478266472,-0.509397611535511,0
"37","r_2d6n09pgdcv8wev","task","kuldetes","tura","menet","difficulty",3,4,4,3,1,"puzser robert","opinion","negative","rosszallo","szoveg",2,3,1,1,3,4,2,3,2,0,5,3,3,3,4,4,4,3,4,3,3,3,4,3,3,3,3,3,3,4,2,2,3,5,5,4,3.5,3.25,3.5,3,2.5,3,2,-0.405010332221353,-0.490751539304579,-1.57647343672887,0.053796526412914,-0.702554652836315,-2.05927627700598,-0.876598678956343,-1.75674385423083,0
"38","r_3ni2ydtdx8xtis8","obstacle","difficulty","negativ tenyezo","legyozes","opportunity",4,5,1,4,5,"vita","evaluation","elegetlenseg","beszolas","irigyseg",5,3,1,1,1,5,5,4,4,1,6,2,3,4,6,6,4,4,5,3,3,5,5,4,3,4,5,5,3,3,5,6,2,4,2,4,4,4.25,4.75,5,4,3.8,2.2,-0.405010332221353,0.0224526848047847,-0.261032759406215,1.39870968673577,1.78161649531419,0.259209601301451,0.213226705692081,-1.444907293557,1
"39","r_25mefqphw9npgct","competition","trial","development","difficulty","versenyszellem",4,4,4,3,4,"learning","malice","constructive","verseny","tehetseg",4,1,4,4,4,5,2,4,4,0,6,6,1,2,3,3,2,2,4,4,4,5,4,6,5,4,2,3,4,4,5,6,2,4,6,6,3,4.75,2.25,3.5,4,3.8,3.4,1.16593883518268,-1.00395576341394,0.396687579255114,-1.29111663390994,-0.0815118657986883,0.259209601301451,0.213226705692081,0.426112070485976,0
"40","r_bf8wtnrheuzy45r","vizsga","angol","statisztika","szocialpolitika","szegenyseg",1,2,1,3,1,"politika","ujsagiras","szinhaz","evaluation","ellenzek",2,4,5,5,4,4,4,5,4,0,6,6,1,3,6,5,6,5,6,5,5,5,6,6,5,1,4,4,5,5,3,5,5,6,6,6,5.5,5.5,3.75,4,4.5,1.6,4,1.16593883518268,1.56206535713287,1.38326808724711,0.322779158477485,0.539530921238938,1.03203822740393,-2.78379310209109,1.36162175250746,0
"41","r_9skpwerikbifq7n","difficulty","szorgalom","turelem","faradtsag","aldozat",1,4,5,1,4,"constructive","offense","help","bantas","learning",5,1,5,1,3,4,5,3,4,0,5,5,1,3,2,1,2,2,4,2,2,4,3,3,2,4,2,2,4,3,5,5,3,2,1,5,2.5,3,1.75,4.5,3.5,3,3,0.380464251480665,-1.51715998752331,-1.90533360605954,-1.82908189803908,1.16057370827657,-0.513619024801024,-0.876598678956343,-0.197561050861682,0
"42","r_3h9nfgfexvkv35m","task","difficulty","opportunity","trying","success",3,1,4,4,5,"pain","esszeru","constructive","duh","ujsagirok",1,4,4,1,3,3,4,4,3,0,4,4,2,3,4,4,4,4,4,4,4,4,5,5,4,2,4,4,4,2,2,5,4,4,4,4,4,4.5,3.25,3.5,3.5,3.4,2.6,-0.405010332221353,0.0224526848047847,0.0678274099244497,-0.215186105651657,-0.0815118657986883,-0.513619024801024,-0.331685986632131,-0.821234172209339,0
"43","r_sivaxrlzzpqftct","trying","task","felmeres","struggle","vetelkedes",3,3,3,4,4,"elemzes","evaluation","hibajavitas","opinion","feedback",3,3,5,3,3,4,5,3,5,0,6,6,5,5,5,4,6,5,5,6,3,3,4,3,4,5,5,5,4,4,2,5,2,2,4,6,5.5,3.25,4.75,4.5,4,3.4,3.4,1.16593883518268,1.56206535713287,-1.57647343672887,1.39870968673577,1.16057370827657,0.259209601301451,-0.331685986632131,0.426112070485976,0
"44","r_3onjtktzvnvl04z","obstacle","perseverance","effort","goal","fear",2,4,3,5,1,"judgement","opinion","allaspont","ellentet","becsmerel",2,3,3,2,1,4,4,5,4,0,5,5,2,3,5,4,5,4,4,5,3,4,4,5,4,3,3,4,4,3,2,5,4,3,3,5,4.5,4,3.5,4,4.5,3,2.2,0.380464251480665,0.535656908914148,-0.589892928736879,0.053796526412914,0.539530921238938,1.03203822740393,-0.876598678956343,-1.444907293557,0
"45","r_2cbvunxelbx454k","task","willpower","alapos","power","adventure",3,5,5,5,5,"feladat","szigor","negative","oszinte","iras",3,2,1,5,3,1,2,1,5,0,2,2,5,5,6,4,6,5,6,6,5,6,4,5,5,6,5,3,5,4,4,5,5,5,6,2,5.75,5,5,1.5,3,4.6,2.8,-1.97595949962539,1.81866746918756,0.725547748585778,1.66769231880034,-2.5656830139492,-1.2864476509035,1.3030520903405,-0.509397611535511,0
"46","r_usjhahe7px8qqc5","effort","elorelepes","difficulty","szemelyisegfejlodes","munkahely",4,5,1,5,3,"negative","positive","opinion","offense","onbecsules",2,5,4,1,3,1,2,3,4,0,5,6,1,1,3,2,3,1,5,1,5,5,6,5,5,4,5,3,5,6,5,6,2,1,6,5.5,2.5,5.25,1.75,1.5,3.5,3.6,3,0.773201543331674,-1.51715998752331,1.05440791791644,-1.82908189803908,-2.5656830139492,-0.513619024801024,-0.0592296404700251,-0.197561050861682,0
"47","r_1mtndpek93oti08","task","solution","kitatas","difficulty","kepesseg",3,5,4,2,5,"judgement","elfogadhato","gonosz","nyilvanos","hiresseg",1,3,1,2,3,1,4,4,3,0,3,4,2,3,4,2,3,2,5,3,2,5,3,3,2,2,2,5,6,4,3,5,6,4,4,3.5,3.25,3.25,2.75,2.5,3.5,3.8,2,-0.797747624072362,-0.74735365135926,-1.57647343672887,-0.753151369780799,-1.32359743987394,-0.513619024801024,0.213226705692081,-1.75674385423083,0
"48","r_294ytzq6y3bizdr","competition","challange","performance","struggle","result",4,5,5,2,5,"constructive","help","malice","movie","etel",5,5,1,4,4,4,4,3,5,1,3,3,3,5,5,5,4,4,5,5,6,5,5,5,6,4,6,6,6,5,5,6,6,6,5,3,4.5,5.25,4.5,4,4,4.2,3.8,-1.19048491592337,0.535656908914148,1.05440791791644,1.1297270546712,0.539530921238938,0.259209601301451,0.758139398016293,1.04978519183363,1
"49","r_1ciqj3mfg0eqvgc","university","learning","sport","alazat","perseverance",5,5,5,5,5,"thinking","megfeleles","igazsag","hazugsag","bad",4,2,5,1,1,4,3,3,3,0,6,6,3,3,3,5,4,4,4,5,4,4,5,5,4,4,4,3,4,3,1,5,3,5,5,6,4.25,4.5,3.5,3.5,3,5,2.6,1.16593883518268,0.279054796859466,0.0678274099244497,0.053796526412914,-0.0815118657986883,-1.2864476509035,1.84796478266472,-0.821234172209339,0
"50","r_1oin1a8yuydj7pa","task","success","ut","failure","torekves",3,5,3,1,4,"negative","positive","help","feedback","self",1,5,4,4,3,1,3,3,4,0,2,3,2,3,4,3,3,2,3,2,5,4,4,4,5,5,4,4,4,3,2,4,3,4,3,2.5,2.5,4.25,3,2,3.5,3.2,3.4,-1.58322220777438,-1.51715998752331,-0.261032759406215,-0.484168737716228,-1.94464022691157,-0.513619024801024,-0.604142332794237,0.426112070485976,0
"51","r_21hugvoxtmxnbuj","obstacle","trial","parbaj","legyozni","ellenfel",2,3,3,4,2,"kritikus","movie","mufaj","constructive","illet",3,3,3,4,3,5,3,4,4,0,5,5,1,2,5,4,5,4,5,5,4,5,5,5,4,3,4,6,5,5,2,5,6,3,6,5,4.75,4.75,3,4,4,2.8,3.2,0.380464251480665,0.79225902096883,0.396687579255114,-0.484168737716228,0.539530921238938,0.259209601301451,-1.14905502511845,0.114275509812148,0
"52","r_1m5vtsvqlmgag1i","power","willpower","energia","boldogsag","obstacle",5,5,5,5,5,"constructive","learning","ujrakezdes","esely","improvement",5,5,5,5,5,4,5,4,5,1,6,6,2,4,5,6,4,5,5,5,6,6,6,5,5,4,6,5,5,5,4,3,3,5,4,6,4.75,5.75,4.25,4.5,4.5,5,5,1.16593883518268,0.79225902096883,1.71212825657777,0.860744422606627,1.16057370827657,1.03203822740393,1.84796478266472,2.92080455587661,1
"53","r_272o0dayhivkyg1","ellenfel","trial","parbaj","struggle","bajnoksag",3,3,3,3,3,"feedback","review","evaluation","minosites","pontozas",3,2,3,2,3,5,3,5,2,0,5,5,2,2,3,2,4,4,4,3,5,5,5,4,5,5,5,6,5,5,2,5,6,3,5,5,3.75,4.75,2.25,4,3.5,3,2.6,0.380464251480665,-0.234149427249897,0.396687579255114,-1.29111663390994,0.539530921238938,-0.513619024801024,-0.876598678956343,-0.821234172209339,0
"54","r_1il8xz1lrw0ad4b","development","trying","learning","stress","alkalmazkodas",5,3,4,2,3,"iras","video","development","positive","negative",3,3,5,5,1,4,2,4,4,1,4,4,2,3,4,3,4,4,4,5,4,4,4,4,3,4,4,3,3,4,3,4,3,3,3,4,4.25,4,3,3,4,3.4,3.4,-0.405010332221353,0.279054796859466,-0.589892928736879,-0.484168737716228,-0.702554652836315,0.259209601301451,-0.331685986632131,0.426112070485976,1
"55","r_1nxqufb4pyhlmy7","university","diploma","work","parkapcsolat","penz",5,5,4,1,1,"egyetem","baratok","szakdolgozat","vizsga","interju",5,5,3,2,3,1,4,4,3,0,3,3,1,3,5,4,4,4,4,6,5,5,4,5,5,6,3,5,4,2,3,2,2,6,5,3,4.5,4.75,3.25,2.5,3.5,3.2,3.6,-1.19048491592337,0.535656908914148,0.396687579255114,-0.215186105651657,-1.32359743987394,-0.513619024801024,-0.604142332794237,0.737948631159805,0
"56","r_3ls7pqhcia8s9sx","szuletes","learning","work","gyerekek","halal",4,4,4,5,2,"haladas","minosites","movie","constructive","feedback",5,1,3,4,5,5,3,4,4,1,5,5,3,4,4,4,5,5,5,5,4,3,5,5,4,4,4,5,5,5,5,5,5,4,6,5,5,4.25,3.75,4,4,3.8,3.6,0.380464251480665,1.04886113302351,-0.261032759406215,0.322779158477485,0.539530921238938,0.259209601301451,0.213226705692081,0.737948631159805,1
"57","r_33mesx5combvpme","jatek","university","osztalyzat","versenytars","power",4,4,2,2,3,"ujsag","movie","puzser","insulting","development",3,3,3,1,5,4,2,3,1,0,4,4,1,1,3,1,3,3,2,3,5,6,6,6,5,6,5,6,4,2,6,4,2,4,4,4,2.75,5.75,1.5,3,2,3,3,-0.405010332221353,-1.26055787546862,1.71212825657777,-2.09806453010365,-0.702554652836315,-2.83210490310845,-0.876598678956343,-0.197561050861682,0
"58","r_u9l2y3ycbxalkyd","difficulty","success","development","remeny","tudas",1,5,5,2,4,"kudarc","konstruktiv","megalazo","gorcs","onertekeles",1,5,1,1,3,4,4,5,4,0,5,5,1,1,5,4,5,2,5,4,4,4,5,5,5,6,4,5,6,1,1,5,5,4,5,5,4,4.5,2.75,4,4.5,3.4,2.2,0.380464251480665,0.0224526848047847,0.0678274099244497,-0.753151369780799,0.539530921238938,1.03203822740393,-0.331685986632131,-1.444907293557,0
"59","r_2vf0kdah0fmkckj","motivation","difficulty","work","excitement","fear",5,2,4,4,1,"gyomorideg","onbizalomhiany","feltekenyseg","feedback","bantas",2,1,2,3,1,3,3,4,4,0,4,4,3,3,3,4,3,3,3,5,3,3,3,3,3,2,5,6,4,2,2,4,4,4,3,4,3.5,3,3.25,3,4,3.2,1.8,-0.405010332221353,-0.490751539304579,-1.90533360605954,-0.215186105651657,-0.702554652836315,0.259209601301451,-0.604142332794237,-2.06858041490465,0
"60","r_roqtsemtrys0bot","success","perseverance","difficulty","failure","energia",5,5,3,1,5,"negatv","positive","constructive","offense","nehezseg",1,5,5,1,3,4,3,4,5,0,6,6,3,3,4,4,4,5,4,6,4,4,4,5,4,3,4,3,4,5,4,5,4,3,3,6,4.75,4.25,3.5,3.5,4.5,3.8,3,1.16593883518268,0.79225902096883,-0.261032759406215,0.053796526412914,-0.0815118657986883,1.03203822740393,0.213226705692081,-0.197561050861682,0
"61","r_3qpyd2ykqykffxl","work","perseverance","success","faradtsag","elorejutas",4,5,5,2,5,"mistake","irigyseg","constructive","haladas","opinion",4,1,5,5,5,4,5,5,5,1,6,6,4,5,5,5,4,4,4,4,5,5,6,5,4,5,4,4,4,4,4,4,4,4,4,6,4,5.25,4.75,4.5,5,4.2,4,1.16593883518268,0.0224526848047847,1.05440791791644,1.39870968673577,1.16057370827657,1.8048668535064,0.758139398016293,1.36162175250746,1
"62","r_1esmevccrrcteit","opportunity","trial","vereseg","victory","dontetlen",4,4,2,5,3,"opinion","fikazas","szubjektivitas","duhonges","hulyeseg",3,2,3,1,1,4,5,3,4,0,6,6,3,4,4,5,4,4,4,3,5,4,5,4,5,5,5,3,4,3,4,4,3,4,4,6,3.75,4.5,4,4.5,3.5,3.6,2,1.16593883518268,-0.234149427249897,0.0678274099244497,0.591761790542056,1.16057370827657,-0.513619024801024,-0.0592296404700251,-1.75674385423083,0
"63","r_2vjbieelyssrqb5","task","goal","haladas","difficulty","tovabbjutas",3,5,5,2,5,"bad","mistake","ujratervezes","haladas","tovabblepes",1,1,4,5,5,4,4,4,3,0,4,4,2,4,4,3,3,3,3,3,4,4,5,4,4,5,3,4,4,3,3,4,4,3,4,4,3,4.25,3.25,4,3.5,4,3.2,-0.405010332221353,-1.00395576341394,-0.261032759406215,-0.215186105651657,0.539530921238938,-0.513619024801024,0.485683051854187,0.114275509812148,0
"64","r_ejcyeai3s4fvzbt","goal","osztonzes","perseverance","excitement","power",5,5,4,4,5,"pain","igazsag","onertekeles","felelosseg","hitelesseg",2,3,4,3,4,1,2,1,2,0,3,3,3,3,5,3,3,3,3,3,3,4,4,3,2,6,3,3,3,3,1,4,4,4,5,3,3,3.5,3.5,1.5,1.5,4.6,3.2,-1.19048491592337,-1.00395576341394,-1.24761326739821,0.053796526412914,-2.5656830139492,-3.60493352921093,1.3030520903405,0.114275509812148,0
"65","r_1mefiy3lgv9wbgc","adventure","difficulty","feladni","lastminute","nyerni",4,1,1,3,5,"constructive","judgement","erzekenyseg","malice","konstruktiv",5,1,3,1,5,3,4,3,4,0,4,4,2,1,3,3,4,3,3,3,4,4,4,4,4,6,2,4,5,4,2,2,2,4,3,4,3.25,4,2.25,3.5,3.5,2.8,3,-0.405010332221353,-0.74735365135926,-0.589892928736879,-1.29111663390994,-0.0815118657986883,-0.513619024801024,-1.14905502511845,-0.197561050861682,0
"66","r_3rsglqu3kbtn9lp","opportunity","fear","struggle","onismeret","development",5,2,4,5,5,"positive","negative","constructive","destructive","development",5,1,5,1,5,5,5,5,5,0,2,2,4,5,5,5,5,5,5,5,5,5,5,5,5,5,5,5,6,4,4,6,6,5,5,2,5,5,4.75,5,5,4.2,3.4,-1.97595949962539,1.04886113302351,0.725547748585778,1.39870968673577,1.78161649531419,1.8048668535064,0.758139398016293,0.426112070485976,0
"67","r_3l0xvak0xpi3got","excitement","task","time","felkeszules","learning",4,4,3,4,4,"judgement","positive","negative","kellemetlen","izgalom",2,5,2,2,4,3,3,3,3,0,4,4,3,3,4,4,3,3,3,4,5,4,5,5,3,2,3,4,3,5,4,5,5,4,5,4,3.25,4.75,3.5,3,3,3.8,3,-0.405010332221353,-0.74735365135926,0.396687579255114,0.053796526412914,-0.702554652836315,-1.2864476509035,0.213226705692081,-0.197561050861682,0
"68","r_1lbtmzwr7yai4zk","perseverance","kreativitas","struggle","goal","motivation",5,5,4,5,5,"review","positive","negative","constructive","destructive",2,5,1,5,1,3,4,4,5,0,6,6,3,4,4,4,5,5,5,4,4,4,4,4,4,2,3,4,4,3,2,5,4,5,4,6,4.75,4,3.75,3.5,4.5,4.8,2.8,1.16593883518268,0.79225902096883,-0.589892928736879,0.322779158477485,-0.0815118657986883,1.03203822740393,1.57550843650261,-0.509397611535511,0
"69","r_11xveqkg9ii91ia","learning","ismerkedes","baratkozas","programozas","idobeosztas",2,3,3,4,3,"oktato","szulok","tarsadalom","evaluation","puzser",4,5,3,3,3,5,5,3,5,0,6,6,3,3,5,4,4,4,4,5,6,5,5,5,2,2,2,2,3,2,4,3,2,5,5,6,4.25,5.25,3.75,5,4,3,3.6,1.16593883518268,0.279054796859466,1.05440791791644,0.322779158477485,1.78161649531419,0.259209601301451,-0.876598678956343,0.737948631159805,0
"70","r_8x3cyeacrldxc7t","megprobaltatas","opportunity","trial","performance","goal",2,5,2,2,4,"tarsadalom","negative","pain","constructive","development",3,1,1,4,5,5,4,4,5,0,6,6,2,3,4,4,3,3,4,3,4,5,4,4,1,6,3,4,4,2,4,5,2,4,4,6,3.25,4.25,3.25,4.5,4.5,3,2.8,1.16593883518268,-0.74735365135926,-0.261032759406215,-0.215186105651657,1.16057370827657,1.03203822740393,-0.876598678956343,-0.509397611535511,0
"71","r_2udlprqchky07i5","goal","motivation","task","figyelem","strategia",5,5,3,4,3,"opinion","thinking","megiteles","beallitodas","evaluation",4,5,3,3,3,3,3,3,4,1,4,5,5,4,5,6,6,5,5,5,5,5,6,5,4,3,2,4,4,4,5,5,3,4,2,4.5,5.25,5.25,5,3,3.5,4,3.6,-0.012273040370344,1.30546324507819,1.05440791791644,1.66769231880034,-0.702554652836315,-0.513619024801024,0.485683051854187,0.737948631159805,1
"72","r_9tscjkr55wwfopd","trial","development","vizsga","szakdolgozat","work",3,5,3,3,3,"tanar","onkritika","szaktarsak","szint","csalad",3,2,2,3,2,4,4,4,2,0,4,5,2,2,3,3,2,1,3,3,4,4,4,4,3,3,4,2,4,4,4,5,3,4,3,4.5,2.25,4,2.5,4,3,3.4,2.4,-0.012273040370344,-1.77376209957799,-0.589892928736879,-1.02213400184537,0.539530921238938,-1.2864476509035,-0.331685986632131,-1.13307073288317,0
"73","r_3hk8vdhmtnw9ibr","university","vizsgak","work","mental health","stress",2,3,4,3,1,"oszinte","feluletes","szubjektiv","igazsagtalan","irrelevans",5,3,1,2,3,4,5,3,4,0,6,6,1,4,6,6,3,3,5,6,3,1,6,6,3,5,1,4,5,6,5,5,1,1,5,6,4.25,4,4.25,4.5,3.5,2.6,2.8,1.16593883518268,0.279054796859466,-0.589892928736879,0.860744422606627,1.16057370827657,-0.513619024801024,-1.42151137128056,-0.509397611535511,0
"74","r_3ki9mcksf4fu3oo","difficulty","work","effort","uj","megujulas",2,3,3,5,5,"negative","bad","etterem","konstruktiv","elemzes",1,1,3,5,3,3,4,3,4,0,6,6,4,5,4,5,5,5,5,5,4,6,4,5,5,6,3,6,4,4,4,4,6,4,5,6,5,4.75,4.5,3.5,3.5,3.6,2.6,1.16593883518268,1.04886113302351,0.396687579255114,1.1297270546712,-0.0815118657986883,-0.513619024801024,-0.0592296404700251,-0.821234172209339,0
"75","r_eqgn1w3dbslkaul","flow","konyvtar","struggle","stress","fight",5,5,4,1,4,"evaluation","positive","negative","megiteles","szubjektiv",5,5,4,5,2,3,4,4,4,1,6,6,3,5,6,5,5,5,4,5,5,5,5,3,5,6,5,3,5,3,3,5,5,5,4,6,4.75,4.5,4.75,3.5,4,3.8,4.2,1.16593883518268,0.79225902096883,0.0678274099244497,1.39870968673577,-0.0815118657986883,0.259209601301451,0.213226705692081,1.67345831318129,1
"76","r_1pyrnidtk6xtvqy","success","bizonyitasi vagy","obstacle","elismeres","buszkeseg",5,3,4,5,4,"elutasitas","megbelyegzes","elismeres","teveszmek","bizonyitas",1,1,5,1,4,4,4,4,1,1,5,4,4,4,5,4,1,1,1,2,4,4,6,5,4,5,6,6,3,3,4,2,1,3,5,4.5,1.25,4.75,4.25,4,2.5,4.2,2.4,-0.012273040370344,-2.80017054779671,0.396687579255114,0.860744422606627,0.539530921238938,-2.05927627700598,0.758139398016293,-1.13307073288317,1
"77","r_3pikx8krkeyqgai","struggle","alvatlansag","task","batorsag","excitement",4,1,4,5,2,"nagymamam","offense","tanacs","puzser robert","lila szin",2,1,5,3,5,3,5,4,5,1,5,5,4,4,5,5,4,3,4,3,4,4,4,4,5,6,6,5,5,4,4,5,5,6,3,5,3.5,4,4.5,4,4.5,3.2,3.2,0.380464251480665,-0.490751539304579,-0.589892928736879,1.1297270546712,0.539530921238938,1.03203822740393,-0.604142332794237,0.114275509812148,1
"78","r_3esxr0b8xml20uv","power","performance","difficulty","energia","felkeszules",5,3,2,3,5,"gonoszsag","opinion","igazsagtalansag","constructive","megalazas",1,3,1,5,1,4,5,3,5,0,5,5,3,4,5,4,4,4,5,4,5,5,6,6,3,2,3,4,5,2,2,6,5,5,5,5,4.25,5.5,4,4.5,4,3.6,2.2,0.380464251480665,0.279054796859466,1.38326808724711,0.591761790542056,1.16057370827657,0.259209601301451,-0.0592296404700251,-1.444907293557,0
"79","r_3jjfnxj8mibwuu2","adventure","konfortzona","development","elorelepes","learning",4,3,4,4,4,"opinion","review","evaluation","kritikus","judgement",3,2,3,3,2,3,5,3,5,0,3,3,3,5,5,4,4,4,4,4,4,4,4,5,4,5,5,4,4,5,5,4,4,5,4,3,4,4.25,4.25,4,4,3.8,2.6,-1.19048491592337,0.0224526848047847,-0.261032759406215,0.860744422606627,0.539530921238938,0.259209601301451,0.213226705692081,-0.821234172209339,0
"80","r_3kaz85cqmrgjyap","struggle","performance","competition","goal","felmero",4,5,4,5,3,"opinion","review","positive","negative","movie",3,2,5,1,5,3,3,5,5,0,5,5,3,4,4,3,4,4,5,4,5,5,5,5,3,4,3,4,4,2,3,5,5,5,5,5,4.25,5,3.5,3,5,4.2,3.2,0.380464251480665,0.279054796859466,0.725547748585778,0.053796526412914,-0.702554652836315,1.8048668535064,0.758139398016293,0.114275509812148,0
"81","r_sow7pzjxcrfsjcn","trying","learning","difficulty","power","iskola",3,4,2,4,3,"tanar","dolgozat","mistake","learning","probalkozas",4,3,1,5,4,4,5,4,5,1,5,5,3,4,5,4,4,4,4,4,5,4,5,5,4,4,5,4,5,5,5,4,5,5,5,5,4,4.75,4,4.5,4.5,3.2,3.4,0.380464251480665,0.0224526848047847,0.396687579255114,0.591761790542056,1.16057370827657,1.03203822740393,-0.604142332794237,0.426112070485976,1
"82","r_3g1lwe3idevgucy","victory","fight","failure","performance","elmeny",5,4,2,4,5,"opinion","folyamat","harag","offense","ventillalas",3,4,2,2,4,5,3,3,5,0,5,5,4,4,5,6,4,4,6,5,5,5,5,6,4,4,2,4,5,4,5,4,5,5,5,5,4.75,5.25,4.75,4,4,4,3,0.380464251480665,0.79225902096883,1.05440791791644,1.39870968673577,0.539530921238938,0.259209601301451,0.485683051854187,-0.197561050861682,0
"83","r_2dewy1zu4ux6dif","task","difficulty","csapatmunka","solution","trying",4,3,5,5,3,"opinion","szemszog","evaluation","negative","constructive",3,4,4,1,5,4,4,3,5,1,6,5,4,4,5,5,4,4,5,5,4,4,5,6,3,4,1,3,3,3,2,4,4,4,3,5.5,4.5,4.75,4.5,4,4,4,3.4,0.773201543331674,0.535656908914148,0.396687579255114,1.1297270546712,0.539530921238938,0.259209601301451,0.485683051854187,0.426112070485976,1
"84","r_ukh5b1qk1e2qsrr","trying","success","failure","task","ismeretlen",3,5,1,3,3,"onbizalom","offense","help","joszandek","teljesitmeny",3,1,4,5,3,4,3,4,4,0,1,2,1,2,4,6,5,5,5,3,5,5,5,5,1,5,2,6,5,5,2,6,4,5,3,1.5,4.5,5,3.25,3.5,4,3,3.2,-2.3686967914764,0.535656908914148,0.725547748585778,-0.215186105651657,-0.0815118657986883,0.259209601301451,-0.876598678956343,0.114275509812148,0
"85","r_wruobtuz701ompx","iskola","university","life","work","victory",4,5,5,3,5,"tanar","positive","negative","szomorusag","iskola",4,5,1,1,2,4,4,3,4,0,6,6,3,3,3,3,2,2,3,3,5,5,5,5,6,3,4,5,6,5,6,6,5,6,5,6,2.5,5,3,4,3.5,4.4,2.6,1.16593883518268,-1.51715998752331,0.725547748585778,-0.484168737716228,0.539530921238938,-0.513619024801024,1.0305957441784,-0.821234172209339,0
"86","r_2otifi5mdve6cy4","task","success","failure","energia","aldozatvallalas",3,5,1,3,2,"constructive","tanacs","mistake","megfontolas","kovetkeztetes",5,5,1,5,3,1,3,3,4,0,5,5,1,2,4,3,3,4,2,2,4,4,4,4,3,4,4,6,4,3,2,5,6,5,5,5,2.75,4,2.5,2,3.5,2.8,3.8,0.380464251480665,-1.26055787546862,-0.589892928736879,-1.02213400184537,-1.94464022691157,-0.513619024801024,-1.14905502511845,1.04978519183363,0
"87","r_volwubej932vncj","vizsga","learning","life","performance","difficulty",1,4,3,5,2,"negative","constructive","tamogato","cafol","sikertelen",1,4,5,2,1,3,4,4,4,0,2,2,1,3,4,3,4,2,3,3,4,4,5,5,4,1,1,6,4,3,4,5,3,4,6,2,3,4.5,2.75,3.5,4,3,2.6,-1.97595949962539,-1.00395576341394,0.0678274099244497,-0.753151369780799,-0.0815118657986883,0.259209601301451,-0.876598678956343,-0.821234172209339,0
"88","r_3npop2vfvvkcbun","adventure","trying","veszely","bizonytalansag","novelty",5,2,1,1,4,"evaluation","nezet","thinking","help","elorehaladas",3,3,4,5,5,4,4,4,5,1,5,6,4,4,5,3,4,4,5,4,5,5,4,5,5,2,4,5,6,4,3,6,4,5,3,5.5,4.25,4.75,4,4,4.5,2.6,4,0.773201543331674,0.279054796859466,0.396687579255114,0.591761790542056,0.539530921238938,1.03203822740393,-1.42151137128056,1.36162175250746,1
"89","r_0jwqtzmbbiec3n3","university","nyelvek","sport","parkapcsolat","work",2,1,5,3,1,"movie","szinhaz","muveszetek","thinking","kritikus",3,3,3,1,1,3,4,3,2,0,5,5,3,2,3,3,3,3,3,4,2,4,5,5,3,3,3,1,2,4,4,4,1,2,4,5,3.25,4,2.75,3.5,2.5,2.4,2.2,0.380464251480665,-0.74735365135926,-0.589892928736879,-0.753151369780799,-0.0815118657986883,-2.05927627700598,-1.69396771744266,-1.444907293557,0
"90","r_3qyrfas8zktvlt8","learning","energia","struggle","goal","competition",3,5,3,4,3,"tanarok","constructive","joindulatu","malice","beszelgetes",3,5,5,1,4,4,2,4,4,0,6,6,1,5,3,5,4,3,5,3,5,4,5,4,3,5,5,5,4,3,4,5,5,5,6,6,3.75,4.5,3.5,3,4,3.6,3.6,1.16593883518268,-0.234149427249897,0.0678274099244497,0.053796526412914,-0.702554652836315,0.259209601301451,-0.0592296404700251,0.737948631159805,0
"91","r_3ncyafyvfacr7rk","difficulty","task","izgalmas","life","difficulty",1,3,5,3,1,"bad","jo","kedves","tanito","rendes",1,5,4,3,5,3,4,3,3,0,5,5,4,4,5,5,4,4,4,4,5,4,4,4,6,6,3,6,6,4,4,5,6,5,5,5,4,4.25,4.5,3.5,3,2.6,3.6,0.380464251480665,0.0224526848047847,-0.261032759406215,1.1297270546712,-0.0815118657986883,-1.2864476509035,-1.42151137128056,0.737948631159805,0
"92","r_2cphj4lpx43sr76","difficulty","trying","task","motivation","egeszseg",1,3,3,5,5,"negative","positive","constructive","opinion","movie",1,5,5,3,3,1,3,1,4,0,6,6,1,3,2,1,4,1,4,5,3,4,6,2,4,6,4,6,4,1,1,4,3,5,5,6,3.5,3.75,1.75,2,2.5,3.4,3.4,1.16593883518268,-0.490751539304579,-0.918753098067543,-1.82908189803908,-1.94464022691157,-2.05927627700598,-0.331685986632131,0.426112070485976,0
"93","r_1f8likwx687ov1t","learning","elorehaladas","failure","fear","flow",2,3,1,2,5,"offense","oszinteseg","harag","felesleges","depresszio",2,5,3,2,1,1,2,4,2,0,3,2,3,2,3,2,3,3,3,3,3,4,5,3,3,5,3,5,4,3,5,5,4,3,4,2.5,3,3.75,2.5,1.5,3,2.6,2.6,-1.58322220777438,-1.00395576341394,-0.918753098067543,-1.02213400184537,-2.5656830139492,-1.2864476509035,-1.42151137128056,-0.821234172209339,0
"94","r_2tksgoixne8cdux","competition","struggle","victory","dicsoseg","willpower",4,4,5,5,5,"constructive","negative","movie","thinking","judgement",5,1,3,5,1,4,4,4,5,1,4,4,4,4,6,6,5,5,5,5,6,6,5,6,4,6,6,4,6,5,3,5,5,5,5,4,5,5.75,5,4,4.5,4.6,3,-0.405010332221353,1.04886113302351,1.71212825657777,1.66769231880034,0.539530921238938,1.03203822740393,1.3030520903405,-0.197561050861682,1
"95","r_2fena8uhjkgerzu","trial","elgondolkodtat","epites","failure","success",5,5,5,3,5,"negative","constructive","malice","joindulat","vitas helyzet",1,5,1,5,4,4,5,4,3,0,5,6,3,4,6,6,6,4,5,5,5,5,5,5,6,5,5,5,5,4,3,6,6,6,5,5.5,5,5,4.75,4.5,3.5,4.6,3.2,0.773201543331674,1.04886113302351,0.725547748585778,1.39870968673577,1.16057370827657,-0.513619024801024,1.3030520903405,0.114275509812148,0
"96","r_1ekijeibxd3lcx4","behivas","struggle","perseverance","perfekcionizmus","performance",3,4,5,2,5,"kellemetlen","constructive","biztato","lehuzo","motivalo",1,5,4,2,4,3,5,5,5,0,6,6,4,4,6,6,4,5,3,4,4,5,4,4,4,6,1,6,4,6,6,6,5,6,5,6,4,4.25,5,4,5,3.8,3.2,1.16593883518268,0.0224526848047847,-0.261032759406215,1.66769231880034,0.539530921238938,1.8048668535064,0.213226705692081,0.114275509812148,0
"97","r_d1bmoko0q5qbtit","felkeszules","gyakorlas","motivation","work","success",4,4,5,3,5,"development","hibak","tovabblepes","elfogadas","siker",5,2,4,4,5,5,3,4,4,1,5,6,3,4,6,5,5,4,5,4,4,5,4,4,4,5,5,4,5,4,4,4,4,5,2,5.5,4.5,4.25,4.5,4,4,4.2,4,0.773201543331674,0.535656908914148,-0.261032759406215,1.1297270546712,0.539530921238938,0.259209601301451,0.758139398016293,1.36162175250746,1
"98","r_3o2nqfnonig9oqp","difficulty","gyozni","goal","work","orom",2,5,3,3,5,"judgement","opinion","reflexio","negative","positive",2,3,3,1,5,3,3,3,4,0,5,5,2,2,4,5,5,4,4,4,5,5,5,5,4,2,4,4,5,4,5,4,3,4,3,5,4.25,5,3.25,3,3.5,3.6,2.8,0.380464251480665,0.279054796859466,0.725547748585778,-0.215186105651657,-0.702554652836315,-0.513619024801024,-0.0592296404700251,-0.509397611535511,0
"99","r_2bsbei46go0ryd8","work","failure","elfogadva","segitseg","success",3,1,3,3,5,"constructive","eloremutato","insulting","offense","elnyomo",5,5,1,1,1,4,5,4,4,0,5,6,1,1,2,1,5,5,4,4,4,4,4,5,4,5,5,5,4,4,6,6,6,3,6,5.5,4.5,4.25,1.25,4.5,4,3,2.6,0.773201543331674,0.535656908914148,-0.261032759406215,-2.36704716216823,1.16057370827657,0.259209601301451,-0.876598678956343,-0.821234172209339,0
"100","r_1qzmunxcggn4xja","eroproba","trial","parbaj","gondolkodas","success",4,2,1,5,5,"opinion","review","help","szembenallas","valasz",3,2,5,1,5,4,4,4,5,1,3,3,3,2,4,3,5,4,4,4,6,5,5,6,5,1,3,4,6,4,4,4,5,5,5,3,4.25,5.5,3,4,4.5,3.4,3.2,-1.19048491592337,0.279054796859466,1.38326808724711,-0.484168737716228,0.539530921238938,1.03203822740393,-0.331685986632131,0.114275509812148,1
"101","r_6nweosdc10vdlkx","megfelelni","performance","szorgalom","szocializacio","pihenes",3,2,3,4,3,"tanarok","diaktarsak","onmagam","emberek","media",4,3,4,2,3,4,4,3,5,0,4,3,3,3,4,2,4,3,4,4,4,5,5,3,3,5,3,2,5,3,2,4,3,3,5,3.5,3.75,4.25,3,4,4,3,3.2,-0.797747624072362,-0.234149427249897,-0.261032759406215,-0.484168737716228,0.539530921238938,0.259209601301451,-0.876598678956343,0.114275509812148,0
"102","r_tvvfnymvj8ncznf","difficulty","work","learning","tudas","izgulas",4,5,5,5,2,"merges","szomoru","useful","tudas","mistake",1,1,5,5,2,4,4,3,5,1,6,4,2,4,5,4,5,5,6,6,6,6,6,5,5,4,4,6,5,2,4,6,3,5,6,5,5.5,5.75,3.75,4,4,4.2,2.8,0.380464251480665,1.56206535713287,1.71212825657777,0.322779158477485,0.539530921238938,0.259209601301451,0.758139398016293,-0.509397611535511,1
"103","r_1iatbnbzdnuylct","szeretem","izgalmas","difficulty","development","learning",5,4,3,4,3,"keretlen","positive","negative","okosabb","okoskodo",1,5,1,5,2,4,3,3,4,0,3,3,2,4,4,3,5,4,4,3,4,4,5,4,4,1,2,2,4,3,3,4,5,4,5,3,4,4.25,3.25,3.5,3.5,3.8,2.8,-1.19048491592337,0.0224526848047847,-0.261032759406215,-0.215186105651657,-0.0815118657986883,-0.513619024801024,0.213226705692081,-0.509397611535511,0
"104","r_1juugstm9y49yvl","struggle","perseverance","power","willpower","motivation",4,5,5,5,5,"thinking","realitas","merlegeles","fontos","tuzetesseg",5,5,5,5,4,4,4,3,4,0,5,5,1,4,5,5,4,4,5,5,5,4,5,4,4,6,4,4,5,4,4,5,5,5,5,5,4.5,4.5,3.75,4,3.5,4.8,4.8,0.380464251480665,0.535656908914148,0.0678274099244497,0.322779158477485,0.539530921238938,-0.513619024801024,1.57550843650261,2.60896799520278,0
"105","r_3g6rrakixacbvop","struggle","eletero","goal","feladatok","willpower",4,5,5,3,5,"opinion","elorejutas","development","change","nehezseg",3,5,5,3,2,4,3,4,4,1,6,5,3,4,4,5,5,5,4,5,6,5,6,6,4,5,5,4,4,4,3,4,2,5,5,5.5,4.75,5.75,4,3.5,4,4.4,3.6,0.773201543331674,0.79225902096883,1.71212825657777,0.591761790542056,-0.0815118657986883,0.259209601301451,1.0305957441784,0.737948631159805,1
"106","r_3h3ixeeqqwbjmvp","power","perseverance","willpower","felelosseg","kockazat",5,4,4,2,1,"gyengeseg","development","motivacio","vita","kihivas",1,4,5,2,5,5,4,5,5,0,6,5,4,2,4,5,4,5,5,3,5,6,5,6,5,6,6,5,5,3,1,5,5,6,6,5.5,4.25,5.5,3.75,4.5,5,3.2,3.4,0.773201543331674,0.279054796859466,1.38326808724711,0.322779158477485,1.16057370827657,1.8048668535064,-0.604142332794237,0.426112070485976,0
"107","r_11xbz8dsxpv5p0u","trying","megfeleles","power","problema","solution",4,5,5,3,5,"positive","constructive","negative","development","szemlelet",5,5,3,5,5,5,5,5,5,1,6,6,4,5,6,6,6,6,6,6,6,6,6,6,6,6,5,5,6,6,6,6,4,4,6,6,6,6,5.25,5,5,4.4,4.6,1.16593883518268,2.07526958124224,2.04098842590844,1.93667495086491,1.78161649531419,1.8048668535064,1.0305957441784,2.29713143452895,1
"108","r_1glvjzylhytafnq","performance","eredmenyesseg","ambicio","kituzott celok","task",4,5,4,4,3,"mistake","kudarc","opinion","improvement","nezopontok",1,1,3,4,3,4,3,3,2,0,3,3,2,3,2,3,3,3,2,3,3,2,3,3,2,2,2,2,2,4,3,3,2,5,5,3,2.75,2.75,2.5,3.5,2.5,4,2.4,-1.19048491592337,-1.26055787546862,-2.2341937753902,-1.02213400184537,-0.0815118657986883,-2.05927627700598,0.485683051854187,-1.13307073288317,0
"109","r_owhozyupedrtdu1","task","goal","akaratero","lepcso","success",5,5,5,5,5,"opinion","negtiv","torlas","felesleges","ismeretlen",5,1,1,3,3,5,5,4,1,1,2,1,3,4,3,2,4,6,1,1,5,6,5,2,6,6,6,5,6,5,5,6,6,6,6,1.5,3,4.5,3,5,2.5,5,2.6,-2.3686967914764,-1.00395576341394,0.0678274099244497,-0.484168737716228,1.78161649531419,-2.05927627700598,1.84796478266472,-0.821234172209339,1
"110","r_27bsoawuhjetjfe","batorsag","difficulty","goal","result","success",5,2,4,4,5,"szigor","nehezseg","kudarc","development","improvement",1,2,1,5,5,4,2,4,3,0,5,5,3,4,5,3,3,4,4,4,4,5,5,5,5,4,4,4,5,2,1,4,5,4,4,5,3.75,4.75,3.75,3,3.5,4,2.8,0.380464251480665,-0.234149427249897,0.396687579255114,0.322779158477485,-0.702554652836315,-0.513619024801024,0.485683051854187,-0.509397611535511,0
"111","r_31siclbwdz8rvkq","megprobaltatas","struggle","megoldando problema","difficulty","fight",3,3,2,1,4,"minosites","evaluation","feedback","review","onkritika",3,4,5,1,5,4,5,4,5,0,4,4,3,3,3,3,6,5,4,4,4,5,5,4,3,2,5,3,4,3,2,5,4,4,5,4,4.75,4.5,3,4.5,4.5,2.6,3.6,-0.405010332221353,0.79225902096883,0.0678274099244497,-0.484168737716228,1.16057370827657,1.03203822740393,-1.42151137128056,0.737948631159805,0
"112","r_1d0qhouyj8l8bwo","turelem","difficulty","strategia","struggle","success",3,2,3,4,5,"csalodas","constructive","change","anya","offense",1,4,4,3,1,3,4,4,5,1,5,5,3,4,5,5,5,5,4,6,4,4,5,5,5,5,5,5,5,5,3,4,5,5,6,5,5,4.5,4.25,3.5,4.5,3.4,2.6,0.380464251480665,1.04886113302351,0.0678274099244497,0.860744422606627,-0.0815118657986883,1.03203822740393,-0.331685986632131,-0.821234172209339,1
"113","r_2wyl458sjnzbde9","difficulty","beadando","nemet irodalom","targyfelvetel","szeptember",1,2,1,1,2,"essze","thinking","alkotas","constructive","elegtelen",1,4,3,4,1,4,3,3,3,1,6,6,1,1,3,2,1,1,3,3,4,6,6,5,5,5,2,6,5,3,3,5,4,5,5,6,2,5.25,1.75,3.5,3,1.4,2.6,1.16593883518268,-2.03036421163267,1.05440791791644,-1.82908189803908,-0.0815118657986883,-1.2864476509035,-3.05624944825319,-0.821234172209339,1
"114","r_28szfq1gckfnwjo","fight","jatek","izzadas","hegy","life",3,4,2,2,4,"offense","bullying","szubjektivitas","erzelmek","meggyozodes",1,1,3,3,4,4,2,3,2,1,3,2,1,3,4,4,3,2,3,4,3,5,3,5,6,4,6,6,5,4,2,5,3,2,5,2.5,3,4,3,3,2.5,3,2.4,-1.58322220777438,-1.00395576341394,-0.589892928736879,-0.484168737716228,-0.702554652836315,-2.05927627700598,-0.876598678956343,-1.13307073288317,1
"115","r_2oi39qppuwofacj","competition","megfeleles","task","bizonyitas","success",5,4,4,5,5,"review","eszrevetel","development","tamadas","onkritika",3,4,5,1,4,4,2,1,4,0,5,5,2,4,5,3,4,2,4,3,6,6,6,6,5,6,5,6,5,5,5,5,6,4,6,5,3.25,6,3.5,3,2.5,4.6,3.4,0.380464251480665,-0.74735365135926,2.04098842590844,0.053796526412914,-0.702554652836315,-2.05927627700598,1.3030520903405,0.426112070485976,0
"116","r_2feqfnlcj9cgk7i","victory","hatarok","katonasag","life","success",5,5,5,3,3,"development","ego","mistake","vita","igazsagos",5,2,2,4,3,4,2,4,4,1,6,6,6,6,6,6,6,6,6,6,6,6,6,6,5,6,2,5,5,3,6,6,5,4,5,6,6,6,6,3,4,4.2,3.2,1.16593883518268,2.07526958124224,2.04098842590844,2.74362284705862,-0.702554652836315,0.259209601301451,0.758139398016293,0.114275509812148,1
"117","r_1guhni1os1pldi1","excitement","task","development","talpraesettseg","problema",4,4,5,5,2,"zsuri","stressz","megfelelesi kenyszer","szakertelem","malice",3,1,1,5,1,3,3,3,4,0,6,6,2,2,3,3,4,4,4,3,4,5,5,4,5,6,3,4,5,3,3,4,2,4,1,6,3.75,4.5,2.5,3,3.5,4,2.2,1.16593883518268,-0.234149427249897,0.0678274099244497,-1.02213400184537,-0.702554652836315,-0.513619024801024,0.485683051854187,-1.444907293557,0
"118","r_1izbo4hfxgy5udm","adventure","difficulty","development","hajra","gyerunk",4,2,5,5,5,"tarsadalom","constructive","ertelmetlen","befogadhatatlan","hagyjal mar",4,5,1,1,1,4,1,3,3,1,2,2,3,2,3,3,3,3,4,4,5,4,4,5,2,3,4,6,5,2,2,4,5,6,5,2,3.5,4.5,2.75,2.5,3,4.2,2.4,-1.97595949962539,-0.490751539304579,0.0678274099244497,-0.753151369780799,-1.32359743987394,-1.2864476509035,0.758139398016293,-1.13307073288317,1
"119","r_27p5jskyjztpcls","motivation","osztonzes","difficulty","obstacle","felelosseg",5,5,3,3,3,"csalodas","development","constructive","offense","teljesitmeny",1,5,4,1,3,5,5,4,5,0,5,5,3,4,4,4,5,5,5,5,5,6,5,5,3,1,2,3,5,2,2,5,6,4,6,5,5,5.25,3.75,5,4.5,3.8,2.8,0.380464251480665,1.04886113302351,1.05440791791644,0.322779158477485,1.78161649531419,1.03203822740393,0.213226705692081,-0.509397611535511,0
"120","r_2szomj9ba3bvihj","power","development","tamogatas","struggle","motivation",5,5,5,3,4,"opinion","evaluation","feedback","development","tukor",3,4,5,5,3,4,4,3,5,1,4,5,4,5,5,5,5,5,6,5,6,5,5,5,6,6,5,6,6,4,5,6,5,5,5,4.5,5.25,5.25,4.75,4,4,4.4,4,-0.012273040370344,1.30546324507819,1.05440791791644,1.39870968673577,0.539530921238938,0.259209601301451,1.0305957441784,1.36162175250746,1
"121","r_117paojk4eliljp","struggle","stress","difficulty","felemelkedes","goal",3,1,1,5,5,"learning","ujsagcikk","iromany","onkritika","szubjektiv",1,4,3,1,3,4,4,1,4,0,4,4,3,4,5,4,4,4,4,4,4,5,5,5,4,4,2,2,2,5,2,4,5,4,4,4,4,4.75,4,4,2.5,3,2.4,-0.405010332221353,0.0224526848047847,0.396687579255114,0.591761790542056,0.539530921238938,-2.05927627700598,-0.876598678956343,-1.13307073288317,0
"122","r_su80bum5awt2bwd","ambicio","work","idobefektetes","difficulty","megterhelo",4,4,2,3,2,"constructive","bad","rontas","opinion","ujsag",4,1,2,4,3,4,4,3,4,1,3,4,3,4,5,4,4,4,4,5,3,5,5,5,4,4,3,5,4,4,2,4,4,3,4,3.5,4.25,4.5,4,4,3.5,3,2.8,-0.797747624072362,0.279054796859466,0.0678274099244497,0.591761790542056,0.539530921238938,-0.513619024801024,-0.876598678956343,-0.509397611535511,1
"123","r_2ztin6drimdvft4","teher","obstacle","struggle","faradtsag","megkonnyebbules",1,1,2,1,3,"opinion","tanacs","jo indulat - rossz indular","figyelem","turelem/nyugalom",3,5,3,4,3,3,1,4,4,0,5,5,2,3,5,5,5,3,5,4,2,4,5,4,3,5,5,6,5,5,6,1,1,5,6,5,4.25,3.75,3.75,2,4,1.6,3.6,0.380464251480665,0.279054796859466,-0.918753098067543,0.322779158477485,-1.94464022691157,0.259209601301451,-2.78379310209109,0.737948631159805,0
"124","r_1lajlybqhnuumby","struggle","task","trial","goal","fight",5,4,4,5,4,"opinion","kioktatas","malice","constructive","help",3,2,1,5,5,4,3,3,4,0,5,5,4,4,4,4,4,4,4,5,4,4,5,5,4,4,2,3,4,3,1,4,3,3,4,5,4.25,4.5,4,3.5,3.5,4.4,3.2,0.380464251480665,0.279054796859466,0.0678274099244497,0.591761790542056,-0.0815118657986883,-0.513619024801024,1.0305957441784,0.114275509812148,0
"125","r_2ucednnv4lnxmho","batorsag","perseverance","mereszseg","trying","elhivatottsag",5,5,4,4,5,"negative","development","szakertelem","opinion","review",1,5,5,3,2,1,4,4,5,0,4,4,2,2,4,2,5,5,5,5,5,5,4,6,3,5,3,3,5,3,4,5,4,5,3,4,5,5,2.5,2.5,4.5,4.6,3.2,-0.405010332221353,1.04886113302351,0.725547748585778,-1.02213400184537,-1.32359743987394,1.03203822740393,1.3030520903405,0.114275509812148,0
"126","r_2cjvqwylzfvcdrx","kuldetes","difficulty","task","hatarok","parbaj",4,3,2,3,4,"kritikus","opinion","megfontolt","minosites","review",2,3,4,3,3,4,2,4,4,0,4,4,2,4,2,4,4,4,4,5,3,3,3,5,1,1,2,1,3,6,3,4,2,4,4,4,4.25,3.5,3,3,4,3.2,3,-0.405010332221353,0.279054796859466,-1.24761326739821,-0.484168737716228,-0.702554652836315,0.259209601301451,-0.604142332794237,-0.197561050861682,0
"127","r_xxh1elysewriled","effort","szorgalom","torekves","task","motivation",4,4,4,3,4,"opinion","review","negativum","thinking","development",3,2,1,3,4,4,4,5,4,0,2,2,5,5,4,4,5,5,5,5,5,4,4,4,5,5,3,4,4,4,2,5,4,5,5,2,5,4.25,4.5,4,4.5,3.8,2.6,-1.97595949962539,1.04886113302351,-0.261032759406215,1.1297270546712,0.539530921238938,1.03203822740393,0.213226705692081,-0.821234172209339,0
"128","r_2sdhgcq7oq8u5ce","intelligencia","kiserlet","logika","furfang","success",5,3,3,5,5,"thinking","negative","constructive","opinion","onbizalom",3,2,5,3,4,3,4,5,4,0,6,6,2,3,3,2,4,5,3,4,4,5,4,5,4,1,2,2,4,4,5,3,4,6,5,6,4,4.5,2.5,3.5,4.5,4.2,3.4,1.16593883518268,0.0224526848047847,0.0678274099244497,-1.02213400184537,-0.0815118657986883,1.03203822740393,0.758139398016293,0.426112070485976,0
"129","r_3ma3dtykyerag9q","difficulty","ambiciok","motivation","trying","success",2,3,5,3,5,"mistake","learning","probalkozas","bad","constructive",2,4,3,1,4,4,4,3,4,0,6,6,2,4,5,5,4,4,4,3,3,5,4,4,3,5,1,3,4,3,3,4,2,2,2,6,3.75,4,4,4,3.5,3.6,2.8,1.16593883518268,-0.234149427249897,-0.589892928736879,0.591761790542056,0.539530921238938,-0.513619024801024,-0.0592296404700251,-0.509397611535511,0
"130","r_qxywipwjbbaf1ad","work","oriflame","motivation","uj feladat","opportunity",4,5,5,4,5,"positive","negative","constructive","megfigyeles","irigyseg",5,3,5,4,1,4,4,4,4,1,6,6,4,4,4,5,4,4,6,6,6,6,5,6,5,5,4,4,6,4,3,5,6,5,6,6,5,5.75,4.25,4,4,4.6,3.6,1.16593883518268,1.04886113302351,1.71212825657777,0.860744422606627,0.539530921238938,0.259209601301451,1.3030520903405,0.737948631159805,1
"131","r_xxetxv4sj9kar4z","fight","struggle","orom","gyakorlas","time",2,3,5,3,3,"bad","helytelen","mistake","opinion","kellemes",1,1,1,3,5,4,3,4,4,1,3,5,2,2,2,6,1,1,2,2,4,2,6,6,5,5,6,5,6,4,2,5,4,6,3,4,1.5,4.5,3,3.5,4,3.2,2.2,-0.405010332221353,-2.54356843574203,0.0678274099244497,-0.484168737716228,-0.0815118657986883,0.259209601301451,-0.604142332794237,-1.444907293557,1
"132","r_1msrliyr5fsjzqi","power","megprobalni","difficulty","success","legyozni",5,4,3,5,5,"opinion","help","nem eleg jo","meghallgat","elfogadas",3,4,2,5,4,4,4,3,5,0,4,4,2,4,5,4,4,3,4,4,4,5,4,4,3,4,2,4,3,3,3,5,2,4,5,4,3.75,4.25,3.75,4,4,4.4,3.6,-0.405010332221353,-0.234149427249897,-0.261032759406215,0.322779158477485,0.539530921238938,0.259209601301451,1.0305957441784,0.737948631159805,0
"133","r_2ruqzp9lqxarrnw","difficulty","success","problema","competition","struggle",4,5,1,2,3,"csalodas","development","elfogadas","vege","tolerancia",1,5,4,2,4,4,5,3,5,0,6,6,4,3,4,3,4,4,3,5,4,4,4,4,5,6,3,6,5,4,6,5,2,4,4,6,4,4,3.5,4.5,4,3,3.2,1.16593883518268,0.0224526848047847,-0.589892928736879,0.053796526412914,1.16057370827657,0.259209601301451,-0.876598678956343,0.114275509812148,0
"134","r_2u963jphjatafh6","development","motivation","opportunity","bukas","difficulty",5,5,5,1,2,"negative","elvisel","teljesitmeny","bad","constructive",1,3,3,1,4,4,2,3,4,0,3,3,3,3,4,2,4,3,5,4,4,5,6,4,4,5,6,2,6,5,4,4,3,4,4,3,4,4.75,3,3,3.5,3.6,2.4,-1.19048491592337,0.0224526848047847,0.396687579255114,-0.484168737716228,-0.702554652836315,-0.513619024801024,-0.0592296404700251,-1.13307073288317,0
"135","r_zieabrupi0z5ik5","difficulty","szenvedes","task","time","halal",1,1,1,3,1,"mistake","improvement","ido","ujrakezdes","gonoszsag",3,3,4,3,4,3,4,4,4,1,5,4,2,3,5,5,3,4,3,5,2,4,3,5,2,3,5,3,4,5,4,2,3,3,5,4.5,3.75,3.5,3.75,3.5,4,1.4,3.4,-0.012273040370344,-0.234149427249897,-1.24761326739821,0.322779158477485,-0.0815118657986883,0.259209601301451,-3.05624944825319,0.426112070485976,1
"136","r_2cveptd41ln6di1","goal","difficulty","jutalom","success","elbukas",3,2,5,5,2,"kritikus","constructive","negative","positive","help",3,5,1,5,4,4,2,4,3,0,3,3,4,4,5,4,5,5,4,5,4,4,5,5,3,5,1,5,3,6,6,4,3,4,6,3,4.75,4.5,4.25,3,3.5,3.4,3.6,-1.19048491592337,0.79225902096883,0.0678274099244497,0.860744422606627,-0.702554652836315,-0.513619024801024,-0.331685986632131,0.737948631159805,0
"137","r_1juhxyw6tzlegx4","struggle","szorgalom","alazat","turelem","perseverance",4,5,4,5,5,"opinion","constructive","tanacs","kritizalas","irigyseg",3,4,5,2,1,3,4,4,5,0,5,6,4,4,6,4,4,4,4,4,4,4,4,4,4,3,2,4,4,3,3,4,4,4,4,5.5,4,4,4.5,3.5,4.5,4.6,3,0.773201543331674,0.0224526848047847,-0.589892928736879,1.1297270546712,-0.0815118657986883,1.03203822740393,1.3030520903405,-0.197561050861682,0
"138","r_5nag3kxoptx59s1","ismeretlen","difficulty","izgalmas","elengedhetetlen","development",3,2,4,3,5,"opinion","visszacsatolas","constructive","help","ellenszenv",3,3,5,5,1,4,5,4,4,0,6,6,3,5,5,4,6,5,5,5,5,5,4,5,3,4,2,5,5,3,2,6,5,6,4,6,5.25,4.75,4.25,4.5,4,3.4,3.4,1.16593883518268,1.30546324507819,0.396687579255114,0.860744422606627,1.16057370827657,0.259209601301451,-0.331685986632131,0.426112070485976,0
"139","r_2ux26sl1j88uxvq","sport","uj nyelv tanulasa","beilleszkedes uj kornyezetbe","onellatas","sulira tanulas",5,5,4,4,1,"apam","facebook kommentelok","youtube kommentelok","foci szurkolok","-",2,2,3,4,3,3,4,4,4,1,5,6,3,4,5,5,4,4,4,2,5,6,3,5,5,3,5,4,5,3,3,6,4,6,5,5.5,3.5,4.75,4.25,3.5,4,3.8,2.8,0.773201543331674,-0.490751539304579,0.396687579255114,0.860744422606627,-0.0815118657986883,0.259209601301451,0.213226705692081,-0.509397611535511,1
"140","r_3qmarjbccesjkqi","competition","effort","difficulty","solution","development",4,1,1,5,5,"constructive","learning","offense","tanacs","szakerto",5,3,1,4,3,3,4,3,5,0,5,5,4,3,3,4,5,4,5,4,4,5,5,5,4,5,3,3,5,4,5,5,2,4,3,5,4.5,4.75,3.5,3.5,4,3.2,3.2,0.380464251480665,0.535656908914148,0.396687579255114,0.053796526412914,-0.0815118657986883,0.259209601301451,-0.604142332794237,0.114275509812148,0
"141","r_1ls9fadxdjduomj","goal","success","bukas","adventure","performance",5,5,1,4,5,"evaluation","negativ velemeny","learning","development","velemenynyilvanitas",2,1,5,5,5,1,2,1,4,0,3,3,2,1,1,3,2,1,1,2,3,3,3,2,4,4,5,5,4,4,1,5,4,5,2,3,1.5,2.75,1.75,1.5,2.5,4,3.6,-1.19048491592337,-2.54356843574203,-2.2341937753902,-1.82908189803908,-2.5656830139492,-2.05927627700598,0.485683051854187,0.737948631159805,0
"142","r_3f3cxbmkpmszbtp","difficulty","obstacle","perseverance","learning","teherbiras",2,1,5,3,4,"constructive","kudarc","kitartas","onbizalom","destructive",4,1,5,5,1,3,1,4,1,0,6,6,3,4,4,3,4,4,4,5,5,5,4,4,4,6,4,3,4,5,2,6,6,5,6,6,4.25,4.5,3.5,2,2.5,3,3.2,1.16593883518268,0.279054796859466,0.0678274099244497,0.053796526412914,-1.94464022691157,-2.05927627700598,-0.876598678956343,0.114275509812148,0
"143","r_296qus7j7nkn0nn","success","struggle","failure","vereseg","veszteseg",5,3,1,1,1,"erveles","cinizmus","meggyozes","jobbitas","learning",3,1,3,5,4,3,3,4,5,0,4,4,1,2,3,4,4,4,4,4,3,4,3,3,3,3,1,3,3,3,3,4,2,3,3,4,4,3.25,2.5,3,4.5,2.2,3.2,-0.405010332221353,0.0224526848047847,-1.57647343672887,-1.02213400184537,-0.702554652836315,1.03203822740393,-1.96642406360477,0.114275509812148,0
"144","r_1mz7quamc7dlwho","competition","victory","fight","power","willpower",5,5,3,5,5,"kibeszeles","megvetes","massag","elfogadas","change",1,1,4,5,3,5,3,5,3,0,4,4,1,3,2,3,4,3,4,4,4,4,4,5,4,2,1,4,4,4,2,5,5,5,5,4,3.75,4.25,2.25,4,4,4.6,2.8,-0.405010332221353,-0.234149427249897,-0.261032759406215,-1.29111663390994,0.539530921238938,0.259209601301451,1.3030520903405,-0.509397611535511,0
"145","r_2sfvbrytucqnd5w","opportunity","development","difficulty","task","megprobaltatas",5,5,1,3,2,"stressz","evaluation","feedback","development","lehetoseg",1,3,4,5,4,4,3,3,4,0,5,4,2,3,3,3,4,4,5,5,4,4,5,4,3,4,4,5,6,3,3,4,4,4,5,4.5,4.5,4.25,2.75,3.5,3.5,3.2,3.4,-0.012273040370344,0.535656908914148,-0.261032759406215,-0.753151369780799,-0.0815118657986883,-0.513619024801024,-0.604142332794237,0.426112070485976,0
"146","r_qikotv8aavslmfx","erot igenylo","szukseges","jo","difficulty","magabiztossagot ad",3,4,4,2,5,"useful","haszontalan","idegesito","constructive","attol fugg kitol es mit kapok",5,1,1,5,3,5,4,5,4,0,6,6,2,3,5,5,4,3,5,5,5,5,4,5,4,3,3,5,3,2,3,5,3,3,2,6,4.25,4.75,3.75,4.5,4.5,3.6,3,1.16593883518268,0.279054796859466,0.396687579255114,0.322779158477485,1.16057370827657,1.03203822740393,-0.0592296404700251,-0.197561050861682,0
"147","r_2s6uznskq1jch8n","moka","felelosseg","hatarido","uj dolog","legjobbnak lenni",5,4,3,4,5,"jobbnak lenni","change","jobban csinalni","zsuri","opinion",5,3,5,3,3,4,2,5,4,1,1,3,3,4,5,5,2,5,4,5,4,5,4,3,5,2,5,3,6,4,4,6,6,2,3,2,4,4,4.25,3,4.5,4.2,3.8,-1.97595949962539,0.0224526848047847,-0.589892928736879,0.860744422606627,-0.702554652836315,1.03203822740393,0.758139398016293,1.04978519183363,1
"148","r_22kusgnt87jmlvk","difficulty","perseverance","nagy","energia","goal",1,4,4,5,4,"useful","kellemes","kellemetlen","review","development",5,5,1,2,5,4,3,4,5,0,5,4,3,4,5,5,5,4,5,5,6,5,3,5,6,5,5,6,6,4,5,6,3,4,5,4.5,4.75,4.75,4.25,3.5,4.5,3.6,3.6,-0.012273040370344,0.79225902096883,0.396687579255114,0.860744422606627,-0.0815118657986883,1.03203822740393,-0.0592296404700251,0.737948631159805,0
"149","r_21yntgs18n1jy5q","hegy","maszas","bajnok","effort","competition",5,1,4,2,3,"puzser","dancso","humor","profi","tehetsegkutatok",2,5,5,5,2,4,1,5,3,0,6,6,1,2,3,1,3,4,3,4,5,5,6,6,2,4,1,5,3,3,2,4,1,5,6,6,3.5,5.5,1.75,2.5,4,3,3.8,1.16593883518268,-0.490751539304579,1.38326808724711,-1.82908189803908,-1.32359743987394,0.259209601301451,-0.876598678956343,1.04978519183363,0
"150","r_3niwddmtsaausdp","versenyzes","versenyszellem","keszsegfejlesztes","csapatmunka","task",4,5,5,3,3,"development","constructive","onbizalom","offense","oszinteseg",5,4,5,2,5,3,4,3,4,0,6,5,1,5,4,4,4,3,4,3,5,4,5,5,4,4,2,5,5,4,2,5,4,5,6,5.5,3.5,4.75,3.5,3.5,3.5,4,4.2,0.773201543331674,-0.490751539304579,0.396687579255114,0.053796526412914,-0.0815118657986883,-0.513619024801024,0.485683051854187,1.67345831318129,0
"151","r_xoqxhf8bcxbwhc1","task","felelosseg","novelty","goal","opportunity",3,2,4,5,5,"negative","positive","constructive","improvement","hibazas",1,5,4,4,2,4,3,5,3,0,3,3,1,3,2,1,3,3,3,4,3,5,5,2,2,6,1,6,4,5,1,3,1,3,5,3,3.25,3.75,1.75,3.5,4,3.8,3.2,-1.19048491592337,-0.74735365135926,-0.918753098067543,-1.82908189803908,-0.0815118657986883,0.259209601301451,0.213226705692081,0.114275509812148,0
"152","r_3kpnrxs6eu6izxg","success","task","result","karrier","work",5,2,4,3,3,"mistake","kotozkodes","piszkalodas","kudarc","panasz",1,1,2,1,3,4,4,3,4,0,2,3,2,2,4,1,4,2,3,3,2,4,3,2,4,4,5,2,2,6,6,3,2,4,3,2.5,3,2.75,2.25,4,3.5,3.4,1.6,-1.58322220777438,-1.00395576341394,-2.2341937753902,-1.29111663390994,0.539530921238938,-0.513619024801024,-0.331685986632131,-2.38041697557848,0
"153","r_3lhvgkwc1xxfhqb","power","difficulty","stress","victory","task",5,1,1,5,3,"utalat","tipp","mentor","development","leszolas",1,4,3,4,1,1,3,4,3,0,5,5,2,4,2,3,3,2,2,3,1,2,4,2,5,5,6,5,6,1,1,1,6,2,6,5,2.5,2.25,2.75,2,3.5,3,2.6,0.380464251480665,-1.51715998752331,-2.89191411405153,-0.753151369780799,-1.94464022691157,-0.513619024801024,-0.876598678956343,-0.821234172209339,0
"154","r_3f51nyv65xgtnyn","difficulty","competition","trying","novelty","trial",4,3,4,4,3,"negative","positive","minosites","feedback","evaluation",1,5,2,4,4,5,4,3,4,0,5,3,3,3,4,2,3,3,4,3,3,4,4,4,4,5,2,3,4,4,4,5,3,5,4,4,3.25,3.75,3,4.5,3.5,3.6,3.2,-0.405010332221353,-0.74735365135926,-0.918753098067543,-0.484168737716228,1.16057370827657,-0.513619024801024,-0.0592296404700251,0.114275509812148,0
"155","r_25r6rbkq0mzgiwu","fight","struggle","result","karate","university",4,3,5,5,3,"puzser robert","nyomas","szorongas","megbantas","kritikus",2,3,1,1,3,4,4,4,4,0,4,4,3,4,4,4,4,4,4,4,4,4,4,4,3,2,3,4,4,3,2,4,4,3,4,4,4,4,3.75,4,4,4,2,-0.405010332221353,0.0224526848047847,-0.589892928736879,0.322779158477485,0.539530921238938,0.259209601301451,0.485683051854187,-1.75674385423083,0
"156","r_1c7tie8e8syovdx","difficulty","goal","task","result","solution",1,4,4,4,5,"constructive","negative","megbantas","constructive","mistake",5,1,1,4,2,NA,NA,4,4,NA,NA,NA,NA,NA,NA,NA,NA,NA,NA,NA,NA,NA,NA,NA,NA,NA,NA,NA,NA,NA,NA,NA,NA,NA,NA,NA,NA,NA,NA,NA,4,3.6,2.6,NA,NA,NA,NA,NA,0.259209601301451,-0.0592296404700251,-0.821234172209339,NA
"157","r_28syvnwiyzmb3f8","elszantsag","work","ambicio","stress","goal",4,2,5,1,4,"development","onuralom","offense","tapasztalat","malice",5,5,2,4,2,4,3,4,5,0,4,4,1,2,3,2,5,5,5,6,3,3,3,3,3,4,5,4,3,3,2,4,1,3,3,4,5.25,3,2,3.5,4.5,3.2,3.6,-0.405010332221353,1.30546324507819,-1.90533360605954,-1.56009926597451,-0.0815118657986883,1.03203822740393,-0.604142332794237,0.737948631159805,0
"158","r_teyrgbtnxgzrgvb","opportunity","excitement","fight","dicsoseg","izgulas",4,4,3,5,1,"filmek","elvaras","fontos","atnezes","feladat",5,2,3,3,2,3,5,4,4,0,5,6,4,4,5,5,4,4,5,4,2,4,5,4,1,6,3,3,4,2,6,3,3,5,3,5.5,4.25,3.75,4.5,4,4,3.4,3,0.773201543331674,0.279054796859466,-0.918753098067543,1.1297270546712,0.539530921238938,0.259209601301451,-0.331685986632131,-0.197561050861682,0
"159","r_57kkqm5hbgaanep","development","batorsag","perseverance","akaratero","elorelepes",5,5,5,5,5,"development","constructive","change","learning","help",5,5,4,5,5,3,5,3,5,0,6,6,3,3,5,5,6,5,5,5,5,5,4,5,3,6,1,4,4,4,5,4,3,4,3,6,5.25,4.75,4,4,4,5,4.8,1.16593883518268,1.30546324507819,0.396687579255114,0.591761790542056,0.539530921238938,0.259209601301451,1.84796478266472,2.60896799520278,0
"160","r_a5njgvkx5oksyhd","megerolteto","izgalmas","akaratlan","varatlan","opportunity",1,5,3,3,5,"felelmetes","evaluation","erdekes","formalo","elkerulhetetlen",1,5,4,4,2,3,4,3,4,1,5,5,2,3,5,3,3,4,4,3,3,5,5,5,4,4,5,5,4,3,5,3,4,3,5,5,3.5,4.5,3.25,3.5,3.5,3.4,3.2,0.380464251480665,-0.490751539304579,0.0678274099244497,-0.215186105651657,-0.0815118657986883,-0.513619024801024,-0.331685986632131,0.114275509812148,1
"161","r_bit2uwmnpn6xhuv","esely","elony","difficulty","epites","elorevisz",4,4,3,5,5,"onertekeles","problema","useful","haszontalan","constructive",2,1,5,1,4,4,3,4,4,0,5,5,4,3,3,2,2,2,1,2,2,4,6,3,6,6,6,6,4,2,2,4,3,3,3,5,1.75,3.75,3,3.5,4,4.2,2.6,0.380464251480665,-2.28696632368735,-0.918753098067543,-0.484168737716228,-0.0815118657986883,0.259209601301451,0.758139398016293,-0.821234172209339,0
