"","ResponseId","t1p1","Q76_First Click","Q76_Last Click","Q76_Page Submit","Q76_Click Count","t1p2","Q77_First Click","Q77_Last Click","Q77_Page Submit","Q77_Click Count","t1p3","Q78_First Click","Q78_Last Click","Q78_Page Submit","Q78_Click Count","t1p4","Q79_First Click","Q79_Last Click","Q79_Page Submit","Q79_Click Count","t1difchc","Q64_First Click","Q64_Last Click","Q64_Page Submit","Q64_Click Count","t1pp1","t1pp1t1_First Click","t1pp1t1_Last Click","t1pp1t1_Page Submit","t1pp1t1_Click Count","t1pp1w","t1pp1r","t1pp1t2_First Click","t1pp1t2_Last Click","t1pp1t2_Page Submit","t1pp1t2_Click Count","t1pp2","t1pp2t1_First Click","t1pp2t1_Last Click","t1pp2t1_Page Submit","t1pp2t1_Click Count","t1pp2w","t1pp2r","t1pp2t2_First Click","t1pp2t2_Last Click","t1pp2t2_Page Submit","t1pp2t2_Click Count","t1pp3","t1pp3t1_First Click","t1pp3t1_Last Click","t1pp3t1_Page Submit","t1pp3t1_Click Count","t1pp3w","t1pp3r","t1pp3t2_First Click","t1pp3t2_Last Click","t1pp3t2_Page Submit","t1pp3t2_Click Count","t1tp1","t1tp1time_First Click","t1tp1time_Last Click","t1tp1time_Page Submit","t1tp1time_Click Count","t1tp1choice","t1tp2","t1tp2time_First Click","t1tp2time_Last Click","t1tp2time_Page Submit","t1tp2time_Click Count","t1tp2choice","t1tp3","t1tp3time_First Click","t1tp3time_Last Click","t1tp3time_Page Submit","t1tp3time_Click Count","t1tp3choice","t1tp4","t1tp4time_First Click","t1tp4time_Last Click","t1tp4time_Page Submit","t1tp4time_Click Count","t1tp4choice","t1tp5","t1tp5time_First Click","t1tp5time_Last Click","t1tp5time_Page Submit","t1tp5time_Click Count","t1tp5choice","t1tp6","t1tp6time_First Click","t1tp6time_Last Click","t1tp6time_Page Submit","t1tp6time_Click Count","t1tp6choice","t1tp7","t1tp7time_First Click","t1tp7time_Last Click","t1tp7time_Page Submit","t1tp7time_Click Count","t1tp7choice","t1tp8","t1tp8time_First Click","t1tp8time_Last Click","t1tp8time_Page Submit","t1tp8time_Click Count"
"1","R_3JmIxqG6icirKjh",1,3.325,3.325,7.999,1,3,3.096,5.121,5.714,3,6,2.699,2.699,3.574,1,6,3.218,3.218,4.021,1,1,0,0,8.891,0,5,6.618,9.934,20.401,2,1,NA,0,0,4.252,0,3,33.564,33.564,34.625,1,1,NA,0,0,6.728,0,5,45.082,45.082,46.558,1,1,NA,0,0,6.172,0,8,11.324,12.654,15.438,2,1,9,25.289,33.786,35.712,3,1,4,13.06,14.037,16.241,2,1,8,4.136,6.218,7.16,2,1,9,11.326,13.28,14.199,2,1,5,3.636,4.821,5.975,2,1,8,2.926,3.957,4.961,2,1,3,2.831,2.831,3.818,1
"2","R_3e2ppaO1k5qB7xV",1,4.614,4.614,6.193,1,3,4.782,4.782,6.744,1,6,3.936,3.936,5.457,1,6,3.578,3.578,5.866,1,1,0,0,8.654,0,1,14.745,14.745,16.628,1,1,NA,11.412,15.08,17.101,2,3,18.847,63.941,68.554,4,1,NA,11.224,11.224,13.436,1,5,48.884,48.884,53.792,1,1,NA,6.816,6.816,8.901,1,8,6.251,11.574,12.302,3,1,5,146.327,148.718,150.539,2,1,9,34.316,59.92,61.493,5,1,8,9.503,12.519,13.577,3,1,9,9.566,11.695,12.546,3,1,5,3.405,5.881,7.132,2,1,8,3.882,9.142,10.119,3,1,3,4.318,4.318,6.679,1
"3","R_3p4Qb28bT2uWdvm",1,9.285,9.285,13.114,1,4,10.344,10.344,11.559,1,6,5.386,5.386,6.357,1,6,14.665,14.665,16.27,1,1,0,0,14.357,0,4,25.656,25.656,27.27,1,NA,1,0,0,15.497,0,1,73.79,73.79,75.094,1,1,NA,0,0,18.019,0,5,57.598,57.598,59.036,1,1,NA,0,0,26.97,0,8,16.699,23.082,26.829,2,1,8,83.007,85.148,86.25,2,1,5,48.938,51.15,52.323,2,1,8,21.166,22.557,26.154,2,1,3,13.51,14.77,16.519,2,1,5,5.567,6.708,9.388,2,1,8,8.941,9.909,11.665,2,1,3,9.222,9.222,10.7,1
"4","R_2rkZPj8scp6GGBc",1,7,7,10.057,1,3,17.064,17.064,18.541,1,6,4.279,4.279,5.381,1,6,5.922,5.922,7.487,1,1,0,0,10.079,0,4,14.438,14.438,16.341,1,NA,1,0,0,9.253,0,5,37.422,37.422,38.604,1,NA,1,0,0,17.957,0,1,12.415,12.415,13.525,1,NA,0,NA,NA,NA,NA,8,12.81,16.129,16.848,2,1,3,31.266,33.874,34.535,2,1,5,95.596,97.564,98.834,2,1,8,10.551,11.431,12.5,2,1,4,27.173,28.725,29.58,2,1,5,4.354,5.689,6.208,2,1,8,4.89,6.025,6.767,2,1,3,1.296,1.296,2.556,1
"5","R_2aKziqynAWv188V",1,7.543,7.543,9.154,1,3,8.357,8.357,10.7,1,6,4.388,4.388,5.823,1,6,5.858,5.858,8.087,1,1,0,0,13.34,0,4,10.715,10.715,11.916,1,NA,0,NA,NA,NA,NA,8,62.39,69.39,70.39,8,1,NA,0,0,32.21,0,1,50.976,50.976,53.063,1,NA,1,0,0,18.744,0,8,11.882,14.106,15.307,2,1,3,10.574,48.213,49.155,3,1,9,15.076,15.949,18.664,2,1,8,13.125,14.567,15.44,2,1,9,79.482,84.245,85.105,3,1,5,4.026,8.979,10.237,2,1,8,3.131,4.978,5.815,2,1,4,3.171,3.171,4.544,1
"6","R_2eRSnjknjrshUZm",1,5.687,5.687,7.762,1,3,5.558,5.558,8.434,1,6,3.178,3.178,6.439,1,6,4.457,4.457,5.607,1,0,0,0,14.746,0,4,9.33,9.33,13.28,1,NA,1,0,0,30.385,0,1,101.451,101.451,103,1,1,NA,0,0,33.274,0,1,46.051,46.051,58.075,1,NA,0,NA,NA,NA,NA,8,14.691,18.455,20.273,2,1,5,57.096,73.767,77.277,2,1,4,37.063,49.366,53.799,2,1,8,20.05,47.381,51.436,2,1,4,71.352,72.362,105.215,2,1,5,2.195,10.42,13.827,2,1,8,5.977,7.82,8.546,2,1,3,6.105,6.105,8.398,1
"7","R_ukdgQ7hgvCYOG2t",1,9.178,9.178,15.769,1,3,8.779,8.779,12.941,1,6,5.409,5.409,7.813,1,6,12.033,12.033,16.964,1,1,0,0,14.475,0,4,21.863,21.863,28.006,1,NA,0,NA,NA,NA,NA,5,87.71,87.71,92.042,1,NA,1,2.459,5.1,7.617,2,1,41.198,41.198,50.946,1,NA,0,NA,NA,NA,NA,8,5.751,22.227,24.755,4,1,2,60.029,63.264,65.362,3,1,4,55.441,97.136,98.605,6,1,8,15.77,24.014,25.512,3,1,4,52.525,56.733,57.985,3,1,5,10.037,13.012,13.996,3,1,8,7.975,13.146,14.37,4,1,3,34.844,34.844,36.458,1
"8","R_YVptSgbNCrjU4lX",1,12.014,12.014,13.558,1,3,4.885,4.885,5.97,1,6,2.139,2.139,4.573,1,6,8.374,8.374,9.703,1,1,0,0,13.993,0,4,8.166,8.166,9.433,1,NA,1,7.562,7.562,9.141,1,5,48.195,48.195,49.544,1,NA,1,7.783,7.783,13.89,1,1,31.373,31.373,32.621,1,NA,0,NA,NA,NA,NA,8,2.144,19.454,20.897,6,1,5,137.596,147.285,148.898,4,1,4,24.007,41.598,42.725,5,1,8,2.911,20.198,21.564,5,1,4,26.403,30.532,31.629,3,1,5,2.481,25.671,29.205,4,1,8,10.027,12.683,14.081,3,1,3,5.86,10.355,11.517,2
"9","R_9NoUzR8pFcX3o9b",1,6.801,6.801,8.393,1,3,4.975,4.975,6.455,1,6,2.921,2.921,4.192,1,6,9.031,11.246,12.223,2,1,0,0,6.797,0,4,16.292,30.266,32.083,2,NA,1,2.457,2.457,3.951,1,7,46.108,46.108,47.289,1,1,NA,12.445,12.445,15.067,1,1,12.84,12.84,13.839,1,NA,0,NA,NA,NA,NA,8,3.621,9.632,10.576,3,1,8,87.68,89.737,91.25,2,1,4,32.572,74.806,76.342,18,1,8,5.869,9.476,10.339,3,1,4,40.347,44.668,46.314,4,1,5,7.866,11.782,13.475,3,1,8,0.432,9.141,9.953,5,1,3,5.401,5.401,7.892,1
"10","R_0CaYOn5kqkpMEMx",1,6.817,6.817,8.204,1,2,16.04,16.04,17.477,1,6,3.53,3.53,4.57,1,3,10.594,10.594,13.083,1,0,0,0,2.253,0,4,8.306,8.306,13.192,1,NA,0,NA,NA,NA,NA,2,22.294,22.294,24.035,1,1,NA,0,0,20.805,0,5,34.778,34.778,36.738,1,1,NA,0,0,4.758,0,8,6.187,8.514,10.501,2,1,5,30.374,31.798,33.3,2,1,4,11.317,12.509,13.676,2,1,8,2.929,11.592,12.397,2,1,9,14.677,15.447,16.456,2,1,5,2.185,3.688,4.338,3,1,8,4.615,6.038,6.985,2,1,3,2.302,2.302,5.379,1
"11","R_3pmWYCpa9Z27QfZ",1,9.656,11.788,12.94,2,3,16.119,16.119,18.276,1,6,5.604,5.604,6.874,1,6,6.218,6.218,7.585,1,1,0,0,11.687,0,4,12.377,17.142,19.351,3,NA,0,NA,NA,NA,NA,5,73.979,73.979,74.983,1,NA,1,15.975,15.975,17.049,1,1,60.348,60.348,61.584,1,NA,0,NA,NA,NA,NA,8,9.511,13.896,14.767,3,1,5,49.592,53.199,54.227,3,1,4,12.756,14.23,15.803,2,1,8,8.999,11.326,11.991,3,1,8,34.68,39.554,40.205,4,1,5,5.081,7.055,8.864,2,1,8,5.564,7.94,8.918,3,1,3,5.777,5.777,7.055,1
"12","R_3rP2hzKzQJpxJMw",1,9.564,9.564,10.86,1,3,7.071,7.071,9.082,1,6,4.673,4.673,5.385,1,6,5.003,5.003,5.934,1,1,0,0,16.165,0,4,12.313,12.313,13.442,1,NA,0,NA,NA,NA,NA,2,75.146,75.146,76.188,1,1,NA,0,0,82.764,0,6,45.25,45.25,46.287,1,1,NA,0,0,15.313,0,8,14.72,19.44,21.058,2,1,5,60.151,61.494,62.639,2,1,3,17.632,19.447,21.167,2,1,8,7.627,8.867,9.812,2,1,4,32.765,35.293,36.36,3,1,5,9.701,12.754,13.723,2,1,8,6.573,7.933,9.43,2,1,3,12.27,12.27,14.624,1
"13","R_247wbwXLMjsnUKA",1,5.535,5.535,6.909,1,3,6.901,6.901,8.878,1,6,2.667,2.667,4.16,1,6,3.801,3.801,4.784,1,1,0,0,11.306,0,4,21.691,21.691,23.593,1,NA,0,NA,NA,NA,NA,7,53.163,53.163,54.52,1,1,NA,0,0,10.475,0,5,7.721,7.721,8.568,1,0,NA,NA,NA,NA,NA,8,6.501,10.604,11.507,2,1,2,38.59,40.894,43.206,2,1,9,16,19.261,21.419,3,1,9,8.321,9.121,12.832,2,1,7,2.393,10.993,13.223,3,0,NA,NA,NA,NA,NA,NA,NA,NA,NA,NA,NA,NA,NA,NA,NA,NA,NA
"14","R_UhkDvG5VtVe3qzD",1,10.234,10.234,11.832,1,3,23.465,23.465,24.894,1,6,5.231,5.231,7.182,1,6,10.216,10.216,11.881,1,0,0,0,9.616,0,1,10.415,10.415,12.496,1,1,NA,0,0,17.63,0,8,30.041,30.041,31.464,1,1,NA,0,0,4.716,0,1,12.02,12.02,13.292,1,NA,0,NA,NA,NA,NA,2,9.414,11.799,12.95,2,1,7,8.631,10.329,11.524,2,1,1,6.711,11.437,12.545,4,1,8,9.541,11.041,12.186,2,1,6,11.844,13.3,14.401,2,1,5,3.513,5.421,6.433,2,1,8,3.638,5.189,6.194,2,1,3,6.574,6.574,8.673,1
"15","R_3O7yTTgAitqZ9TF",1,5.322,5.322,8.58,1,3,10.478,10.478,12.677,1,6,2.102,2.102,4.56,1,6,8.918,8.918,9.879,1,0,1.829,1.829,3.734,1,4,7.023,7.023,24.708,1,NA,1,0,0,11.844,0,6,7.544,12.347,14.916,3,1,NA,0,0,5.867,0,4,6.801,6.801,8.347,1,1,NA,0,0,4.242,0,2,4.045,8.162,9.066,3,1,6,12.508,28.577,31.802,10,1,7,3.59,10.991,11.971,5,1,8,6.748,7.749,9.868,2,1,4,4.045,7.292,8.082,3,1,5,1.409,3.78,4.643,3,1,8,3.935,8.209,9.701,3,1,3,5.17,5.17,7.19,1
"16","R_QfVUZzLbx9MUF7X",1,6.911,6.911,8.625,1,1,13.224,13.224,14.465,1,6,5.993,5.993,6.913,1,6,21.237,21.237,22.036,1,0,0,0,16.093,0,4,19.82,19.82,20.907,1,NA,0,NA,NA,NA,NA,8,68.169,74.225,75.138,4,1,NA,0,0,31.727,0,1,72.507,72.507,73.499,1,NA,0,NA,NA,NA,NA,8,18.431,22.127,24.112,2,1,5,64.966,66.254,67.021,2,1,4,56.956,58.364,59.26,2,1,8,12.453,13.741,14.34,2,1,5,45.135,45.695,46.888,2,1,5,4.032,7.136,8.017,2,1,8,7.49,8.449,9.282,2,1,3,12.355,12.355,14.187,1
"17","R_3k648PCPHufwEtF",1,6.804,6.804,10.173,1,3,5.243,5.243,7.261,1,6,4.088,4.088,5.357,1,6,6.985,6.985,8.18,1,1,0,0,10.805,0,4,14.244,14.244,15.848,1,NA,1,16.788,22.329,23.422,2,7,85.531,85.531,86.789,1,1,NA,17.313,17.313,18.801,1,1,32.633,32.633,34.636,1,NA,0,NA,NA,NA,NA,8,10.15,15.52,18.483,3,1,2,39.545,45.489,46.743,4,1,4,13.864,18.007,18.953,3,1,8,12.627,18.888,19.982,3,1,9,46.02,48.623,49.709,3,1,5,5.378,8.891,10.621,3,1,8,8.442,11.345,12.41,3,1,3,3.687,3.687,5.658,1
"18","R_5aN8f184y7U1m49",1,8.233,8.233,9.669,1,3,5.311,5.311,6.253,1,6,3.791,5.018,5.377,2,6,5.313,5.313,6.124,1,0,0,0,9.261,0,4,7.513,7.513,8.636,1,NA,0,NA,NA,NA,NA,5,52.455,52.455,53.398,1,NA,1,0,0,33.626,0,1,44.502,44.502,45.592,1,NA,0,NA,NA,NA,NA,8,9.864,12.644,13.46,2,1,5,36.377,38.154,38.775,2,1,4,37.147,38.482,39.395,2,1,8,10.793,13.011,13.538,2,1,4,33.874,35.144,36.455,2,1,5,5.345,7.509,9.183,2,1,8,5.609,12.923,13.587,3,1,3,3.869,3.869,4.836,1
"19","R_RqVGybXtqQxF6Br",1,5.947,5.947,6.914,1,3,5.125,6.096,6.472,3,6,2.711,2.711,3.426,1,6,4.527,4.527,5.282,1,0,1.268,1.544,9.184,2,4,38.068,38.562,38.762,2,NA,1,0,0,10.778,0,2,20.056,73.351,73.559,10,1,NA,9.988,9.988,10.52,1,1,27.311,27.311,27.949,1,NA,0,NA,NA,NA,NA,8,1.23,13.245,18.433,5,1,2,20.656,22.14,22.399,3,1,1,14.324,18.79,23.45,4,1,8,0.97,7.798,8.471,4,1,4,28.781,29.349,29.924,2,1,5,1.334,3.838,5.533,4,1,8,1.236,7.866,8.498,4,1,3,3.416,3.904,5.081,2
"20","R_vdHPK6u9FL7wnrX",1,8.024,11.837,12.879,2,3,8.451,10.028,11.404,2,6,6.803,8.481,10.37,2,6,4.248,8.684,9.63,3,1,0,0,8.482,0,4,18.041,19.913,22.977,2,NA,1,14.975,14.975,16.128,1,3,3.414,45.386,46.166,3,1,NA,11.964,11.964,13.37,1,5,67.086,68.307,69.093,2,0,NA,NA,NA,NA,NA,2,2.574,18.203,19.12,7,1,5,16.728,35.869,36.948,6,1,4,8.93,12.206,13.344,5,1,8,7.963,12.124,13.644,4,1,4,17.555,20.078,20.869,4,1,5,3.63,7.588,8.312,3,1,8,3.113,8.505,9.641,4,1,3,4.227,7.767,8.835,3
"21","R_PNksy5NTCM8y97H",1,21.72,21.72,23.626,1,2,28.51,28.51,30.102,1,6,2.502,11.876,13.833,2,6,30.935,30.935,32.023,1,1,0,0,15.845,0,4,30.959,32.49,33.807,2,NA,1,9.238,12.695,15.512,3,2,3.625,92.716,94.248,2,1,NA,3.214,37.969,39.364,7,5,34.975,34.975,36.772,1,1,NA,2.018,23.151,24.493,5,8,8.42,33.232,34.46,6,1,7,8.108,31.739,33.159,4,1,4,5.606,22.904,24.236,5,1,3,76.27,143.996,145.078,10,1,6,4.921,28.225,29.102,4,1,5,6.785,9.697,10.67,3,1,8,2.6,15.234,16.501,5,1,3,2.367,13.28,15.466,4
"22","R_3CGXDTjxxxVDFZE",1,12.606,12.606,13.828,1,3,10.389,14.69,20.464,2,6,6.058,6.058,8.64,1,6,8.034,8.034,10.064,1,1,0,0,13.487,0,4,30.753,30.753,33.188,1,NA,1,5.214,5.214,7.993,1,5,119.813,119.813,121.959,1,NA,1,7.339,7.928,9.519,2,1,76.196,76.196,81.206,1,NA,1,2.414,7.673,9.078,2,8,6.462,49.186,51.453,11,1,2,2.042,171.153,171.773,7,1,4,1.159,38.306,39.372,5,1,8,2.334,17.335,18.316,4,1,3,1.723,303.676,304.807,5,1,5,10.146,14.091,15.403,3,1,8,5.724,11.883,13.117,4,1,3,3.742,8.892,10.599,3
"23","R_2zLPDRulJmQTHcz",1,6.312,6.312,8.481,1,3,5.936,5.936,9.057,1,6,3.114,3.114,4.446,1,6,5.93,5.93,7.148,1,1,0,0,27.059,0,4,11.384,11.384,14.324,1,NA,1,0,0,4.419,0,2,56.74,56.74,58.103,1,1,NA,0,0,28.994,0,1,19.154,19.154,20.641,1,NA,0,NA,NA,NA,NA,8,10.055,13.943,15.486,2,1,5,33.706,34.813,36.426,2,1,4,22.704,24.307,25.499,2,1,8,8.03,9.542,10.388,2,1,4,31.606,32.966,33.554,2,1,5,4.791,6.936,7.931,2,1,8,4.67,6.254,7.157,2,1,3,4.935,4.935,6.214,1
"24","R_3rYveW9uiGKL9aV",1,15.344,15.344,18.562,1,3,11.568,11.568,12.641,1,6,3.647,3.647,5.912,1,6,12.846,12.846,18.07,1,1,0,0,12.889,0,1,22.061,22.061,23.263,1,1,NA,0,0,31.711,0,6,49.492,49.492,50.346,1,1,NA,0,0,16.669,0,1,25.621,25.621,34.124,1,NA,1,0,0,5.541,0,8,12.417,28.019,30.032,3,1,5,32.729,33.689,34.787,2,1,4,22.042,27.027,27.732,2,1,8,8.271,9.255,10.247,2,1,1,30.236,33.307,34.045,3,1,5,6.513,9.897,13.455,2,1,8,8.258,9.306,9.858,2,1,3,12.021,12.021,14.133,1
"25","R_wUfQH1evrrJXOjT",1,5.224,5.224,7.998,1,3,3.008,3.008,4.232,1,6,3.527,3.527,4.934,1,6,5.276,5.276,6.893,1,1,0,0,6.565,0,4,6.236,6.236,7.963,1,NA,0,NA,NA,NA,NA,2,35.384,35.384,37.214,1,1,NA,7.862,7.862,8.954,1,1,30.777,30.777,32.334,1,NA,0,NA,NA,NA,NA,8,12.545,16.68,17.864,3,1,8,14.519,18.162,19.513,3,1,4,28.351,31.213,32.365,3,1,8,11.465,13.889,14.973,3,1,5,4.427,35.769,37.182,4,1,5,4.678,7.25,8.311,3,1,8,2.8,7.5,8.924,4,1,4,4.435,4.435,7.149,1
"26","R_1CC4izr7HbhkSsd",1,7.563,7.563,9.019,1,3,18.128,26.858,33.591,4,6,5.241,5.241,6.004,1,6,11.16,11.16,11.977,1,1,0,0,172.931,0,4,26.974,26.974,27.861,1,NA,1,0,0,11.088,0,5,43.001,43.001,43.817,1,NA,1,0,0,15.376,0,1,26.97,26.97,27.997,1,NA,0,NA,NA,NA,NA,8,6.454,11.306,14.537,3,1,3,8.103,10.03,10.639,2,1,4,6.683,11.218,11.767,2,1,8,4.786,5.92,6.675,2,1,4,20.851,21.903,22.542,2,1,5,7.32,8.279,8.908,2,1,8,4.745,6.036,6.603,2,1,3,6.615,6.615,7.701,1
"27","R_suqOtT7tijD2PHX",1,12.061,12.061,13.421,1,3,11.685,11.685,12.773,1,6,3.991,6.287,6.758,2,6,5.741,5.741,6.965,1,1,12.554,12.554,18.376,1,4,21.085,21.085,22.238,1,NA,0,NA,NA,NA,NA,1,74.64,74.64,76.401,1,1,NA,0,0,22.525,0,5,4.147,117.865,120.89,3,1,NA,0,0,38.803,0,8,18.619,23.882,26.051,2,1,9,70.527,73.903,74.784,2,1,4,21.84,32.664,35.18,2,1,8,12.71,17.894,18.59,4,1,1,45.151,53.974,54.558,4,1,5,1.961,5.034,6.618,2,1,8,5.574,14.565,15.269,3,1,3,11.71,11.71,14.03,1
"28","R_1HUR0GPZyImyu4N",1,8.688,8.688,11.563,1,3,7.01,7.01,9.582,1,6,4.917,4.917,7.356,1,6,5.619,5.619,6.904,1,1,0,0,17.231,0,4,6.738,6.738,8.463,1,NA,0,NA,NA,NA,NA,5,27.04,27.04,29.445,1,NA,0,NA,NA,NA,NA,1,17.544,17.544,19.269,1,NA,0,NA,NA,NA,NA,8,9.306,15.167,16.5,2,1,5,25.593,28.063,29.229,2,1,4,34.656,38.218,39.261,2,1,8,8.612,10.865,11.941,2,1,4,19.863,21.147,22.541,2,1,5,4.288,9.019,14.555,2,1,8,6.791,8.409,9.445,2,1,3,4.459,4.459,7.687,1
"29","R_tQaFcZU4FpowH0B",1,5.105,5.105,6.612,1,3,3.973,6.237,6.703,2,6,2.83,3.654,5.361,2,6,7.836,9.26,10.561,2,1,0,0,6.334,0,5,7.007,7.007,8.467,1,1,NA,0,0,5.567,0,5,28.768,28.768,30.309,1,NA,1,0,0,5.397,0,1,32.676,32.676,35.384,1,NA,1,0,0,15.008,0,8,8.548,9.612,12.904,2,1,9,61.423,62.63,63.363,2,1,9,37.559,38.351,39.554,2,1,8,6.703,8.015,9.48,2,1,9,45.236,46.116,46.833,2,1,5,1.409,2.816,4.735,2,1,8,2.421,3.533,4.058,2,1,3,2.212,2.212,4.023,1
"30","R_dmPzyAlXrt3owZr",1,10.148,10.148,13.017,1,3,4.147,4.147,6.31,1,6,2.701,2.701,4.092,1,3,2.683,2.683,4.71,1,1,0,0,13.134,0,4,16.867,16.867,19.935,1,NA,0,NA,NA,NA,NA,1,101.131,101.131,102.607,1,1,NA,0,0,34.109,0,1,20.875,20.875,31.008,1,NA,0,NA,NA,NA,NA,8,14.492,20.451,21.855,2,1,5,75.763,78.835,86.072,2,1,4,31.506,45.658,48.776,2,1,8,8.39,10.302,12.283,2,1,4,30.469,32.981,34.931,2,1,5,1.879,3.847,5.315,2,1,8,5.7,7.595,8.391,2,1,3,4.691,4.691,7.232,1
"31","R_wYGUFCp1eNtjM2t",1,7.026,7.026,10.088,1,3,8.098,8.098,9.48,1,6,4.338,4.338,6.154,1,6,7.498,7.498,8.28,1,1,0,0,16.501,0,4,8.275,8.275,9.646,1,NA,1,0,0,11.417,0,5,84.583,84.583,128.853,1,NA,0,NA,NA,NA,NA,1,42.821,42.821,60.977,1,NA,0,NA,NA,NA,NA,8,18.31,19.792,20.617,2,1,2,62.362,64.045,64.947,2,1,4,56.002,58.379,59.208,2,1,8,24.95,88.366,90.003,4,1,4,107.959,121.251,122.188,4,1,5,2.26,5.643,7.103,2,1,8,5.927,7.063,7.969,2,1,3,5.861,5.861,8.458,1
"32","R_2dZ7Uxxap5zFgGO",1,15.485,15.485,21.815,1,3,13.714,13.714,16.241,1,6,10.964,10.964,13.145,1,6,9.095,9.095,11.861,1,1,0,0,16.581,0,4,31.499,31.499,34.041,1,NA,1,0,0,15.365,0,5,83.878,83.878,85.866,1,NA,0,NA,NA,NA,NA,1,59.767,59.767,62.169,1,NA,0,NA,NA,NA,NA,8,13.359,19.282,22.431,2,1,7,48.216,78.294,82.175,2,1,4,46.278,49.153,51.118,2,1,8,7.763,10.549,12.369,2,1,3,135.449,138.488,140.52,2,1,5,8.679,11.291,12.793,2,1,8,10.229,12.874,14.069,2,1,3,7.993,7.993,10.801,1
"33","R_27BRX3trqnXmPU5",1,5.762,5.762,7.117,1,3,4.587,4.587,5.727,1,6,3.622,3.622,4.951,1,6,7.828,7.828,9.305,1,1,0,0,11.99,0,4,10.923,10.923,12.579,1,NA,1,0,0,8.021,0,2,33.276,33.743,35.213,2,1,NA,0,0,55.337,0,1,27.669,27.669,29.589,1,NA,1,0,0,5.099,0,8,8.993,10.99,12.288,2,1,5,37.394,39.351,40.079,2,1,5,72.342,134.243,136.283,6,1,8,12.859,14.618,15.733,2,1,4,37.645,44.707,45.971,2,1,5,5.764,8.507,9.771,2,1,8,7.272,9.059,10.094,2,1,3,4.939,6.615,7.392,2
"34","R_3iLkR4y2BkwKh2U",1,6.306,6.306,9.671,1,3,5.432,5.432,7.034,1,6,2.929,2.929,4.215,1,6,3.839,3.839,5.289,1,1,0,0,9.1,0,4,25.227,25.227,27.084,1,NA,1,0,0,13.304,0,2,50.577,50.577,52.325,1,1,NA,0,0,19.197,0,5,18.684,18.684,20.933,1,1,NA,0,0,10.783,0,8,14.303,16.984,19.729,2,1,5,27.846,55.055,57.183,2,1,3,28.141,36.844,38.086,2,1,8,10.291,11.93,13.1,2,1,3,29.511,31.375,33.698,2,1,5,3.356,4.675,5.758,2,1,8,5.01,8.614,9.6,2,1,3,4.784,4.784,5.994,1
"35","R_Ycdx9aegL4gqP0R",1,7.975,7.975,11.732,1,3,10.563,10.563,13.268,1,6,9.4,9.4,11.996,1,6,9.527,9.527,12.036,1,1,0,0,20.935,0,4,39.295,39.295,42.307,1,NA,1,0,0,19.646,0,5,99.977,104.271,114.976,2,NA,1,0,0,30.904,0,5,131.878,131.878,141.736,1,1,NA,52.374,52.374,54.841,1,8,12.882,21.178,26.863,2,1,6,178.666,184.333,194.065,2,1,4,58.832,68.543,70.584,2,1,8,16.591,24.668,25.701,2,1,9,225.587,245.567,246.994,2,1,5,31.296,33.763,34.808,2,1,8,10.009,14.173,17.429,2,1,3,16.976,16.976,19.466,1
"36","R_2AQpsaXGLlKDleX",1,8.801,8.801,10.884,1,3,9.05,9.05,10.61,1,6,3.518,3.518,5.649,1,6,3.441,10.6,13.217,3,1,0,0,10.912,0,4,19.4,19.4,21.895,1,NA,0,NA,NA,NA,NA,2,19.075,19.075,22.666,1,1,NA,0,0,19.164,0,5,30.027,30.027,32.074,1,1,NA,0,0,14.664,0,8,6.931,12.373,13.574,2,1,5,65.581,67.979,68.928,2,1,4,42.48,44.12,45.489,2,1,8,16.577,25.335,26.499,3,1,9,44.413,46.258,47.47,2,1,5,8.314,11.219,12.303,2,1,8,5.853,8.265,9.478,2,1,3,6.027,8.082,12.901,3
"37","R_1P8msz8MWPcE5F9",1,10.817,10.817,13.113,1,3,9.03,9.03,12.42,1,6,6.288,6.288,7.736,1,6,6.113,6.113,8.97,1,1,0,0,16.437,0,4,55.272,55.272,57.288,1,NA,1,5.717,5.717,22.247,1,1,54.556,54.556,58.554,1,1,NA,11.732,51.104,52.374,4,1,18.474,18.474,20.342,1,NA,1,3.335,13.551,14.948,2,8,28.527,30.253,32.429,2,1,5,3.918,64.42,65.761,4,1,1,51.203,54.17,55.511,3,1,8,10.914,13.642,14.857,2,1,4,99.326,101.518,102.65,2,1,5,4.99,8.468,10.251,3,1,8,6.569,8.977,10.271,2,1,3,6.472,6.472,8.677,1
"38","R_1LOUf8DXoH4jFvU",1,10.518,10.518,12.912,1,3,9.99,9.99,12.608,1,6,5.253,5.253,8.228,1,6,9.998,9.998,14.098,1,1,0,0,10.272,0,4,29.581,29.581,33.099,1,NA,0,NA,NA,NA,NA,5,103.646,105.069,110.387,2,NA,0,NA,NA,NA,NA,1,36.458,36.458,38.384,1,NA,0,NA,NA,NA,NA,8,6.84,14.339,18.6,2,1,5,31.478,35.474,37.338,2,1,4,9.415,13.753,15.115,2,1,8,11.88,16.853,18.138,2,1,3,79.258,108.148,110.439,2,1,5,2.233,7.264,9.296,2,1,8,5.917,7.017,9.974,2,1,3,3.904,3.904,9.803,1
"39","R_bmk8KCfOAfnd3dn",1,8.103,12.487,15.96,2,3,7.654,10.938,12.742,2,6,5.819,7.235,8.687,2,6,5.955,8.652,9.989,3,1,0,0,16.804,0,4,85.75,88.79,90.525,3,NA,0,NA,NA,NA,NA,5,170.13,171.959,173.121,2,NA,1,17.184,17.184,19.069,1,1,71.022,108.39,110.334,5,NA,0,NA,NA,NA,NA,8,9.385,28.303,29.562,4,1,4,6.964,36.182,37.529,4,1,4,11.331,30.025,34.942,4,1,8,3.673,46.022,47.248,6,1,9,72.94,75.376,77.786,3,1,5,8.931,14.191,15.768,3,1,8,7.878,12.557,14.341,4,1,3,3.908,6.764,8.489,2
"40","R_d5Sg7sqzDynfhpD",1,12.083,12.083,18.745,1,3,15.391,15.391,17.503,1,6,5.514,5.514,7.237,1,6,9.247,13.104,14.32,2,0,0,0,9.398,0,4,11.341,11.341,15.722,1,NA,0,NA,NA,NA,NA,5,46.981,46.981,51.182,1,NA,1,0,0,34.59,0,5,21.226,21.226,25.893,1,1,NA,0,0,15.088,0,8,15.723,21.068,22.4,2,1,5,26.471,28.18,28.957,2,1,4,42.591,44.246,45.086,2,1,8,28.795,32.37,34.141,2,1,9,20.713,21.927,23.485,2,1,5,2.832,4.904,5.44,2,1,8,9.742,12.558,13.029,2,1,3,6.404,6.404,8.162,1
"41","R_2tfEQwS80OX9qYU",1,11.13,11.13,15.892,1,3,10.685,10.685,15.254,1,6,5.259,5.259,6.443,1,6,8.459,8.459,9.897,1,1,0,0,12.559,0,4,68.027,104.609,105.945,2,NA,1,0,0,19.091,0,2,23.696,68.201,250.835,2,1,NA,68.766,69.028,94.445,3,5,47.326,47.326,49.248,1,1,NA,0,0,25.779,0,8,16.412,19.029,20.598,2,1,5,112.45,114.784,117.182,2,1,4,19.141,76.281,78.836,2,1,8,88.714,90.062,91.695,2,1,9,235.638,285.688,287.233,5,1,5,3.942,28.402,29.962,3,1,8,5.07,8.421,9.606,2,1,3,7.008,7.008,9.946,1
"42","R_21b2Ya6mo3wxwo5",1,14.149,14.149,18.363,1,3,14.022,14.022,15.333,1,6,6.871,6.871,7.617,1,6,7.423,7.423,9.17,1,0,0,0,11.879,0,4,22.253,23.277,23.768,2,NA,1,0,0,10.19,0,2,80.312,80.312,81.292,1,1,NA,0,0,13.204,0,5,91.207,91.207,92.818,1,1,NA,10.12,10.12,10.63,1,8,14.249,19.888,22.327,2,1,9,30.161,32.024,35.022,2,1,4,9.654,13.056,13.801,2,1,8,28.318,29.73,32.519,2,1,3,43.713,45.243,46.323,2,1,5,4.892,6.245,6.891,2,1,8,9.927,10.87,11.485,2,1,3,9.667,9.667,10.859,1
"43","R_1QuzGCU8POqoE0m",1,7.608,7.608,8.83,1,3,6.374,6.374,7.559,1,6,2.597,2.597,3.894,1,6,5.451,5.451,6.553,1,1,0,0,12.518,0,4,13.425,13.425,14.258,1,NA,1,0,0,18.108,0,5,31.76,31.76,32.522,1,NA,1,0,0,7.715,0,1,12.687,12.687,13.654,1,NA,0,NA,NA,NA,NA,8,10.767,12.538,14.052,2,1,8,78.608,79.456,81.998,2,1,4,18.35,21.314,22.561,2,1,8,5.085,5.885,6.575,2,1,4,32.266,37.002,37.704,2,1,5,3.661,4.389,5.827,2,1,8,4.836,6.332,7.495,2,1,3,5.661,5.661,6.619,1
"44","R_XqfqzaFi1LWOnnj",1,11.903,11.903,13.183,1,3,10.12,10.12,11.425,1,6,4.955,4.955,5.941,1,3,6.046,6.046,7.543,1,0,0,0,7.38,0,4,11.467,11.467,12.845,1,NA,0,NA,NA,NA,NA,5,57.359,57.359,58.608,1,NA,1,7.077,7.077,11.075,1,5,27.555,27.555,28.556,1,0,NA,NA,NA,NA,NA,8,5.708,10.481,14.019,3,1,5,61.233,62.984,64.614,2,1,4,10.012,25.255,26.56,3,1,8,8.089,9.117,12.448,2,1,9,35.169,36.31,37.99,2,1,5,4.329,5.849,15.122,2,1,8,6.153,7.595,8.487,2,1,3,4.51,4.51,7.748,1
"45","R_31WMHI6Dy8bwviH",1,5.124,5.124,8.101,1,3,3.187,3.187,4.494,1,6,2.801,2.801,4.154,1,6,9.001,9.001,10.829,1,1,0,0,6.88,0,4,16.316,18.051,19.267,2,NA,1,7.828,21.93,23.171,4,5,87.806,88.934,90.569,2,NA,1,6.921,6.921,7.662,1,1,16.715,16.715,18.952,1,NA,0,NA,NA,NA,NA,8,2.236,13.544,14.403,5,1,5,1.44,67.187,68.497,6,1,4,21.774,24.284,25.121,3,1,8,1.709,10.263,12.056,4,1,9,44.024,52.534,53.493,9,1,5,4.592,7.733,8.639,3,1,8,1.383,8.248,9.185,4,1,3,3.935,5.226,6.519,2
"46","R_1C7l4SOqYWAbS7C",1,9.007,9.007,10.485,1,3,7.562,7.562,9.071,1,6,7.441,7.441,8.362,1,6,14.431,14.431,15.62,1,1,0,0,15.695,0,4,23.147,23.147,24.511,1,NA,1,0,0,43.653,0,2,124.215,124.215,125.175,1,1,NA,0,0,33.003,0,1,60.229,60.229,61.343,1,NA,1,0,0,10.738,0,8,21.364,38.92,40.77,3,1,2,36.044,41.318,42.173,2,1,8,67.925,69.611,70.502,2,1,8,21.479,22.475,23.282,2,1,9,71.181,72.239,73.288,2,1,5,5.363,6.385,7.171,2,1,8,12.13,13.6,14.422,2,1,3,10.327,10.327,11.581,1
"47","R_294HbbpjRVBAqDh",1,8.58,8.58,10.973,1,3,6.764,6.764,9.5,1,6,4.757,4.757,7.036,1,6,5.168,5.168,6.6,1,1,0,0,41.274,0,4,9.065,11.917,13.98,2,NA,1,12.573,12.573,17.07,1,1,86.24,86.24,87.761,1,1,NA,1.548,1.548,13.422,1,1,44.886,44.886,46.851,1,NA,1,0,0,11.729,0,8,16.247,21.803,23.572,3,1,3,48.079,51.366,53.358,3,1,1,17.439,35.959,37.399,5,1,8,14.401,17.153,18.496,3,1,3,55.315,58.814,59.965,3,1,5,6.357,13.542,15.286,3,1,8,7.234,9.818,10.957,3,1,3,5.541,10.91,13.85,3
"48","R_7TBsZ7DgdAlmjEl",1,13.584,13.584,14.715,1,3,6.549,6.549,8.565,1,6,9.388,9.388,11.487,1,6,15.018,15.018,17.825,1,1,0,0,17.494,0,4,38.111,38.111,39.142,1,NA,0,NA,NA,NA,NA,5,238.875,238.875,239.893,1,NA,0,NA,NA,NA,NA,1,144.808,144.808,146.055,1,NA,0,NA,NA,NA,NA,8,29.625,45.025,48.172,2,1,5,126.913,130.973,132.496,2,1,4,50.413,53.305,74.049,2,1,8,14.609,16.351,17.099,2,1,4,33.657,36.325,36.896,2,1,5,13.45,14.87,20.736,2,1,8,11.598,14.454,15.435,2,1,3,7.564,7.564,9.103,1
"49","R_cYKzXhbp3e9Y4tH",1,5.219,5.219,6.749,1,3,7.915,7.915,9.612,1,6,2.705,2.705,3.96,1,6,3.664,3.664,4.897,1,0,0,0,10.796,0,4,6.45,6.45,7.844,1,NA,0,NA,NA,NA,NA,1,69.294,69.294,70.854,1,1,NA,47.018,47.018,58.79,1,1,20.496,20.496,22.202,1,NA,0,NA,NA,NA,NA,8,6.316,8.152,11.468,2,1,5,27.529,30.75,32.273,2,1,4,13.635,15.704,16.855,2,1,8,12.864,22.995,24.831,2,1,9,12.815,14.1,14.943,2,1,5,4.78,6.805,7.518,2,1,8,8.037,10.433,11.103,2,1,3,5.461,5.461,7.402,1
"50","R_1ZgcsAh1HR9ideV",1,12.901,12.901,16.831,1,3,21.021,21.021,30.642,1,6,7.9,7.9,9.53,1,6,17.864,17.864,20.408,1,1,0,0,17.572,0,4,66.273,71.259,72.227,2,NA,0,NA,NA,NA,NA,5,191.856,194.09,195.635,2,NA,1,9.002,14.378,24.091,3,5,34.864,34.864,42.761,1,1,NA,20.573,22.403,25.275,2,8,13.926,21.628,23.677,5,1,2,5.626,68.335,69.431,4,1,9,7.985,87.947,89.619,4,1,8,17.644,50.61,52.064,5,1,1,31.2,34.57,35.806,3,1,5,5.36,10.878,11.969,3,1,8,6.437,9.222,10.671,3,1,3,6.52,7.795,9.784,2
"51","R_1eOGcXeHyISiVWV",1,13.137,13.137,15.19,1,3,12.105,12.105,13.587,1,6,7.579,7.579,9.032,1,6,6.237,6.237,8.189,1,1,0,0,11.7,0,4,13.089,13.089,14.56,1,NA,0,NA,NA,NA,NA,6,93.6,93.6,111.601,1,1,NA,0,0,46.189,0,1,17.14,17.14,19.793,1,NA,0,NA,NA,NA,NA,8,12.631,16.209,19.025,2,1,5,64.643,66.862,68.061,2,1,4,24.278,27.098,28.624,2,1,8,9.965,11.642,13.319,2,1,4,30.103,31.194,32.731,2,1,5,6.571,8.599,9.869,2,1,8,12.39,13.556,15.75,2,1,3,7.219,7.219,10.722,1
"52","R_vMNxQpDY9IUQ7bb",1,5.811,5.811,7.455,1,3,7.912,7.912,8.929,1,6,3.237,3.237,6.124,1,6,4.117,4.117,5.569,1,1,0,0,8.694,0,4,12.94,12.94,15.746,1,NA,0,NA,NA,NA,NA,4,36.128,36.128,37.341,1,1,NA,0,0,45.4,0,1,39.461,39.461,40.888,1,NA,0,NA,NA,NA,NA,8,9.401,16.168,17.309,3,1,6,72.821,74.976,84.611,3,1,7,3.922,38.42,40.991,2,1,8,6.596,23.625,25.666,3,1,9,43.28,44.338,45.793,2,1,5,1.472,3.891,5.204,2,1,8,7.877,9.608,12.202,2,1,3,3.29,3.29,6.257,1
"53","R_cAOmXH6yZkkHFlf",1,12.948,12.948,22.976,1,3,8.983,8.983,19.196,1,6,4.154,4.154,7.013,1,6,3.74,3.74,8.913,1,1,0,0,16,0,4,8.006,8.006,13.01,1,NA,0,NA,NA,NA,NA,2,41.725,41.725,91.271,1,1,NA,0,0,59.882,0,1,47.623,47.623,49.61,1,NA,1,0,0,27.295,0,8,15.89,23.052,25.079,2,1,6,22.804,81.55,82.559,2,1,9,139.724,160.907,161.994,2,1,8,10.937,14.838,15.834,2,1,4,87.153,107.18,109.457,2,1,5,5.787,6.896,8.414,2,1,8,4.89,11.851,12.603,2,1,3,5.422,5.422,9.922,1
"54","R_xAtU1iivfayK8nf",1,6.574,6.574,8.973,1,3,15.243,15.243,18.197,1,6,6.021,6.021,8.284,1,6,6.182,6.182,8.675,1,1,0,0,15.938,0,4,10.731,10.731,12.944,1,NA,0,NA,NA,NA,NA,5,88.617,88.617,90.93,1,NA,1,0,0,57.985,0,5,41.499,41.499,45.155,1,1,NA,0,0,24.969,0,8,15.507,22.977,24.565,3,1,5,75.628,81.71,83.061,3,1,5,151.225,160.205,162.631,3,1,8,12.505,15.885,17.089,3,1,4,94.532,108.655,109.812,3,1,5,4.133,8.229,9.261,3,1,8,6.474,11.107,12.287,3,1,3,5.09,5.09,7.238,1
"55","R_1OK3egm4Ybpk4fD",1,10.101,10.101,12.172,1,3,23.963,23.963,24.795,1,6,4.045,4.378,5.38,2,6,4.33,4.33,5.149,1,1,0,0,8.844,0,4,14.081,14.081,25.281,1,NA,1,3.452,3.452,3.767,1,3,92.05,92.05,95.789,1,1,NA,0,0,8.881,0,1,51.747,51.747,53.257,1,NA,1,0,0,0.933,0,8,7.043,16.251,17.524,3,1,5,11.076,42.882,43.576,3,1,7,12.925,31.672,32.22,3,1,8,28.143,30.937,31.21,3,1,1,13.681,22.753,23.039,6,1,5,1.847,2.721,5.889,2,1,8,3.687,9.271,9.867,4,1,3,6.297,6.297,7.537,1
"56","R_1IMH8WLkSpWJaDC",1,10.592,10.592,12.58,1,3,7.008,7.008,9.478,1,6,4.016,4.016,5.744,1,6,5.747,5.747,9.171,1,1,0,0,13.812,0,4,17.093,17.093,18.666,1,NA,1,14.47,21.982,23.616,2,7,83.437,83.437,84.515,1,1,NA,37.232,37.232,38.534,1,1,20.635,20.635,22.067,1,NA,0,NA,NA,NA,NA,8,9.093,18.491,19.856,4,1,5,10.01,73.694,74.833,4,1,7,5.414,51.921,53.313,5,1,8,23.939,32.537,33.667,5,1,3,12.941,46.331,47.676,4,1,5,5.273,7.776,8.804,3,1,8,10.389,16.749,17.507,4,1,3,5.894,9.756,10.979,2
"57","R_3MT0qffoP5nywmc",1,10.684,10.684,13.231,1,3,14.618,14.618,16.497,1,6,8.518,8.518,10.137,1,6,11.487,11.487,13.056,1,1,0,0,37.306,0,4,28.845,28.845,45.347,1,NA,0,NA,NA,NA,NA,5,59.922,59.922,77.62,1,NA,0,NA,NA,NA,NA,1,27.671,27.671,37.051,1,NA,0,NA,NA,NA,NA,8,25.706,40.527,42.433,5,1,5,64.676,133.823,136.54,3,1,4,64.002,65.494,67.901,2,1,8,29.621,42.782,44.668,3,1,4,67.237,166.529,168.205,4,1,5,5.222,10.559,12.667,2,1,8,7.251,9.162,11.089,2,1,3,13.395,13.395,17.606,1
"58","R_2e56fkZGzBAwkHt",1,10.826,10.826,12.575,1,3,3.96,3.96,5.95,1,6,2.271,2.271,3.675,1,6,4.723,4.723,5.614,1,1,0,0,9.591,0,4,7.71,7.71,10.44,1,NA,1,0,0,13.961,0,2,57.793,57.793,58.6,1,1,NA,0,0,20.885,0,1,110.176,110.176,110.967,1,NA,1,0,0,33.186,0,8,16.018,19.701,21.324,2,1,5,97.226,98.972,99.79,2,1,4,15.907,39.823,40.407,2,1,8,12.852,14.495,15.263,2,1,4,39.738,41.222,43.07,2,1,5,4.559,7.243,7.911,2,1,8,7.089,8.968,9.572,2,1,3,5.358,5.358,7.592,1
"59","R_12KJZxkboN9yX6w",1,8.988,8.988,11.519,1,3,17.268,17.268,22.608,1,6,6.652,6.652,8.768,1,6,7.533,7.533,8.856,1,1,0,0,12.837,0,4,42.327,42.327,61.228,1,NA,0,NA,NA,NA,NA,2,107.121,107.121,109.041,1,1,NA,25.513,100.907,104.412,9,1,30.898,30.898,32.954,1,NA,0,NA,NA,NA,NA,8,13.41,19.797,21.991,4,1,5,77.262,86.617,87.826,3,1,1,25.431,41.033,42.168,4,1,8,7.074,10.015,11.073,3,1,9,31.827,34.409,35.953,3,1,5,6.1,10.011,11.313,3,1,8,6.105,9.971,11.171,3,1,3,6.906,6.906,9.498,1
"60","R_ZDCLk62XwL6x3uF",1,12.155,12.155,13.906,1,3,36.523,36.523,39.576,1,6,9.124,9.124,11.82,1,6,11.261,11.261,19.068,1,1,0,0,20.084,0,4,49.639,49.639,51.101,1,NA,1,0,0,17.557,0,5,124.581,124.581,156.464,1,NA,0,NA,NA,NA,NA,1,228.921,228.921,255.459,1,NA,1,0,0,25.475,0,8,28.232,46.75,54.179,5,1,5,146.596,169.931,172.384,2,1,4,42.32,73.099,76.099,2,1,8,10.894,21.255,22.917,2,1,9,1462.271,1464.263,1465.651,2,1,5,7.563,11.849,14.757,2,1,8,9.999,12.49,14.875,2,1,3,12.887,12.887,17.168,1
"61","R_bKno3A11v7tvG6t",1,11.622,11.622,13.344,1,3,10.59,10.59,13.055,1,6,6.478,6.478,9.175,1,6,8.672,8.672,10.227,1,0,0,0,17.99,0,4,21.976,21.976,24.203,1,NA,0,NA,NA,NA,NA,5,34.921,37.677,40.1,2,NA,0,NA,NA,NA,NA,8,69.354,69.354,70.642,1,1,NA,0,0,56.409,0,8,16.06,26.34,28.314,4,1,2,38.823,48.431,49.862,5,1,4,10.651,13.573,15.612,3,1,8,14.112,16.771,21.669,3,1,9,16.778,19.097,20.296,3,1,5,5.973,10.639,12.043,3,1,8,9.262,11.676,12.809,3,1,3,5.045,5.045,9.582,1
"62","R_1mCXEddRRy0tkAr",1,9.788,9.788,11.36,1,3,10.184,10.184,11.639,1,6,4.933,4.933,6.335,1,6,5.906,9.594,12.985,2,1,0,0,14.111,0,4,37.81,37.81,39.461,1,NA,1,4.705,119.994,137.147,2,2,207.935,267.788,289.088,2,1,NA,1.427,1.427,50.863,1,1,61.56,61.56,63.38,1,NA,1,4.996,6.874,7.956,2,8,7.436,23.41,24.254,5,1,5,14.185,130.723,131.501,9,1,4,2.844,33.645,36.879,4,1,8,31.847,34.958,36.413,3,1,9,88.791,92.26,93.506,3,1,5,3.859,10.309,11.277,3,1,8,7.16,9.904,11.222,3,1,3,7.432,9.612,10.328,2
"63","R_9t0Ic4RdIABEdhf",1,6.305,9.981,15.448,2,3,10.196,10.196,13.623,1,6,5.819,5.819,7.889,1,6,9.286,9.286,11.489,1,1,0,0,18.846,0,4,20.639,25.652,32.709,2,NA,1,5.355,9.024,10.41,2,3,91.296,107.374,109.282,3,1,NA,4.803,24.037,25.538,5,1,47.485,47.485,49.915,1,NA,1,3.1,5.04,6.337,2,8,14.062,28.247,29.781,5,1,6,10.172,111.958,113.525,6,1,8,2.935,94.556,96.195,5,1,8,22.765,31.752,32.982,4,1,1,36.709,45.626,46.988,3,1,5,10.474,18.431,19.816,3,1,8,7.461,15.41,16.653,3,1,3,7.036,8.284,9.657,2
"64","R_2UWpxfqOjh6tmCM",1,9.317,12.278,13.57,2,3,13.065,18.734,19.901,2,6,6.743,16.236,18.257,2,6,6.16,6.16,8.177,1,1,0,0,15.411,0,4,38.87,46.681,49.295,2,NA,1,9.459,11.242,12.9,2,1,72.514,72.514,74.545,1,1,NA,6.611,31.001,32.552,3,5,70.219,73.764,75.501,2,1,NA,12.728,20.773,22.971,2,8,18.41,23.579,25.472,3,1,5,43.612,70.227,71.583,5,1,8,23.164,29.856,31.075,4,1,8,18.071,21.587,23.047,3,1,9,55.432,59.267,60.865,3,1,5,7.443,11.508,13.222,3,1,8,8.541,13.198,14.402,3,1,3,6.747,6.747,12.705,1
"65","R_25X9j9O6rTGlUir",1,5.6,5.6,7.203,1,3,3.4,3.4,6.261,1,6,2.003,2.003,3.571,1,3,3.647,3.647,4.658,1,1,0,0,9.973,0,4,7.546,7.546,9.359,1,NA,0,NA,NA,NA,NA,1,34.243,34.243,67.093,1,1,NA,40.394,40.394,42.673,1,1,36.285,36.285,37.751,1,NA,1,24.413,24.413,25.149,1,8,7.46,11.369,13.723,3,1,5,22.124,24.565,25.586,3,1,4,53.204,56.879,57.882,3,1,8,5.864,10.103,11.158,3,1,4,5.21,43.259,44.056,4,1,5,2.074,10.496,11.284,3,1,8,9.301,11.245,12.463,3,1,3,3.947,3.947,7.453,1
"66","R_2QPUzuNwBW8Wz9E",1,10.721,12.935,15.601,2,3,8.548,10.304,11.833,2,6,5.643,8.032,9.998,2,6,4.857,6.07,7.469,2,1,0,0,15.169,0,4,15.242,18.693,20.053,3,NA,1,7.21,11.21,12.76,2,7,116.119,117.235,119.108,2,1,NA,16.662,19.56,20.987,3,1,47.878,49.598,51.089,2,NA,0,NA,NA,NA,NA,8,9.451,18.791,20.046,4,1,5,4.973,126.366,128.048,6,1,5,4.213,47.019,48.155,5,1,8,4.091,33.551,35.564,4,1,7,3.564,71.178,72.506,4,1,5,4.293,6.696,7.915,3,1,8,6.682,9.449,10.497,4,1,3,1.972,6.578,8.118,3
"67","R_1dKx8151ypX80x2",1,5.912,5.912,10.2,1,3,7.318,7.318,14.612,1,6,4.023,4.023,7.329,1,6,7.035,7.035,19.841,1,1,0,0,8.042,0,4,13.244,13.244,14.239,1,NA,0,NA,NA,NA,NA,5,52.931,52.931,53.587,1,NA,1,0,0,56.63,0,1,43.282,43.282,44.122,1,NA,0,NA,NA,NA,NA,8,14.617,15.979,17.3,2,1,9,41.361,41.998,42.727,2,1,4,18.344,24.728,25.581,2,1,8,12.939,15.74,16.355,2,1,4,38.398,48.255,48.897,2,1,5,7.35,8.121,8.884,2,1,8,4.482,10.899,12.184,3,1,3,4.361,4.361,9.925,1
"68","R_1q9YxYCTw5ZKghd",1,9.216,9.216,10.221,1,3,4.353,4.353,7.024,1,6,3.814,3.814,7.57,1,6,3.798,3.798,4.848,1,1,0,0,9.286,0,5,11.336,13.464,17.824,2,1,NA,0,0,13.042,0,1,79.884,79.884,81.822,1,1,NA,0,0,18.926,0,1,31.652,31.652,32.961,1,NA,0,NA,NA,NA,NA,8,10.855,12.223,16.931,2,1,6,38.475,40.94,41.69,2,1,4,16.44,17.73,18.666,2,1,8,9.726,10.591,11.933,2,1,1,10.287,14.263,16.142,2,1,5,7.991,9.767,11.036,2,1,8,5.495,7.201,8.697,2,1,3,4.334,4.334,6.785,1
"69","R_3gYnUT9KLkKtnP7",1,12.655,12.655,14.356,1,3,13.527,13.527,25.255,1,6,7.737,7.737,8.501,1,6,5.712,5.712,7.264,1,1,0,0,14.558,0,4,19.156,19.156,21.555,1,NA,0,NA,NA,NA,NA,5,41.627,41.627,43.484,1,NA,0,NA,NA,NA,NA,8,87.673,87.673,88.923,1,1,NA,0,0,21.555,0,8,12.894,19.069,22.02,2,1,5,45.875,50.739,55.518,2,1,4,18.527,21.311,22.11,2,1,8,15.852,43.596,44.409,2,1,3,63.019,65.067,67.245,2,1,5,6.26,7.596,8.556,2,1,8,4.87,6.918,7.689,2,1,3,5.204,5.204,6.966,1
"70","R_2t4ndHsrj7BVTq6",1,12.982,12.982,14.238,1,3,10.454,10.454,11.446,1,6,7.193,7.193,8.09,1,6,6.732,6.732,8.785,1,1,0,0,15.486,0,4,18.854,18.854,24.275,1,NA,0,NA,NA,NA,NA,3,83.388,83.388,84.295,1,1,NA,0,0,33.679,0,5,97.73,97.73,100.841,1,1,NA,0,0,6.881,0,8,17.871,23.314,25.976,2,1,5,59.826,61.925,66.725,2,1,4,49.506,51.526,52.735,2,1,8,9.024,10.912,12.695,2,1,4,99.281,100.624,101.924,2,1,5,8.243,12.97,15.548,2,1,8,6.461,12.828,14.426,2,1,3,6.806,6.806,8.838,1
"71","R_331opGq47anL9Nw",1,5.335,5.335,7.097,1,3,6.417,6.417,7.397,1,6,3.487,3.487,4.358,1,6,3.157,3.157,3.899,1,1,0,0,18.851,0,4,7.513,7.513,8.47,1,NA,0,NA,NA,NA,NA,2,64.248,64.248,66.318,1,1,NA,0,0,29.535,0,1,23.521,23.521,24.96,1,NA,0,NA,NA,NA,NA,8,16.304,18.988,20.15,2,1,2,50.258,51.379,52.3,2,1,1,24.735,35.321,36.065,3,1,8,11.944,12.713,14.711,2,1,3,17.123,21.899,23.227,2,1,5,5.508,6.627,8.671,2,1,8,5.634,6.426,7.784,2,1,3,3.451,3.451,4.43,1
"72","R_w19s8JbHIBqkpK9",1,11.349,11.349,13.013,1,3,10.444,10.444,11.521,1,6,6.07,6.07,7.358,1,6,12.828,13.453,14.763,2,0,0,0,16.094,0,4,13.716,13.716,15.279,1,NA,0,NA,NA,NA,NA,2,55.299,55.299,56.873,1,1,NA,7.548,133.43,135.361,9,1,39.37,39.37,41.019,1,NA,0,NA,NA,NA,NA,8,6.875,22.73,23.52,4,1,9,4.004,139.444,141.084,4,1,4,2.455,53.685,54.625,5,1,8,11.806,13.918,14.964,3,1,9,3.6,83.761,84.535,5,1,5,0.638,12.406,14.104,4,1,8,4.196,16.777,17.665,4,1,3,2.208,11.456,14.301,2
"73","R_1mmx0FqyOfRYVqw",1,7.404,7.404,10.167,1,3,6.235,6.235,8.148,1,6,3.665,3.665,5.315,1,6,4.826,4.826,6.76,1,1,0,0,22.959,0,4,44.97,46.751,48.047,2,NA,0,NA,NA,NA,NA,2,74.625,76.455,78.574,2,1,NA,7.056,26.063,27.596,4,1,18.292,18.292,20.077,1,NA,0,NA,NA,NA,NA,8,7.016,14.716,17.165,4,1,8,4.214,59.809,61.397,4,1,4,10.892,29.809,31.05,5,1,8,14.479,17.775,19.714,3,1,4,32.512,36.891,38.915,3,1,5,9.056,12.769,14.166,3,1,8,6.648,9.935,11.279,3,1,3,6.213,8.567,10.063,2
"74","R_12g7QliQ63m52Ev",5,7.762,11.128,11.751,5,3,5.182,7.448,10.666,2,6,4.356,5.534,7.268,2,6,5.942,6.894,8.216,2,0,0,0,15.296,0,4,17.863,19.473,20.778,2,NA,0,NA,NA,NA,NA,1,108.513,109.706,110.527,2,1,NA,5.656,13.718,15.195,3,1,16.504,17.755,18.634,2,NA,0,NA,NA,NA,NA,8,10.625,15.849,16.802,3,1,3,22.155,24.952,26.538,3,1,4,14.088,16.632,17.737,3,1,8,24.005,26.152,27.098,3,1,4,75.925,77.925,78.724,3,1,5,7.677,9.525,10.649,3,1,8,4.192,6.028,7.299,3,1,3,5.035,7.109,8.966,2
"75","R_23WSBSHsIAeJB32",1,8.583,8.583,9.633,1,3,11.75,11.75,20.86,1,6,2.445,2.445,4.406,1,5,8.684,8.684,9.971,1,1,0,0,17.557,0,5,24.908,24.908,25.738,1,1,NA,0,0,9.611,0,1,59.619,59.619,61.196,1,1,NA,0,0,29.96,0,1,85.843,85.843,86.818,1,NA,NA,NA,NA,NA,NA,8,19.187,23.963,29.647,2,1,5,41.167,42.487,44.128,2,1,4,38.273,43.105,43.953,4,1,8,34.906,36.034,36.857,2,1,1,35.382,37.862,38.55,2,1,5,10.449,11.601,12.641,2,1,8,6.487,8.183,9.157,2,1,3,4.932,4.932,8.973,1
"76","R_aV4cSolkhtHIpBD",1,6.121,6.121,7.61,1,3,14.52,21.168,24.012,2,6,4.474,4.474,5.545,1,6,10.976,10.976,12.231,1,0,0,0,9.651,0,4,5.115,5.115,6.188,1,NA,0,NA,NA,NA,NA,3,14.142,14.142,17.242,1,1,NA,0,0,12.52,0,6,27.581,27.581,29.207,1,0,NA,NA,NA,NA,NA,8,13.293,16.741,17.85,2,1,2,31.212,33.548,34.612,2,1,5,11.15,14.063,14.797,2,1,8,5.792,8.625,9.535,2,1,1,22.863,24.247,24.905,2,1,5,3.822,5.518,7.555,2,1,8,3.642,6.242,7.047,2,1,3,4.881,6.785,11.718,2
"77","R_3JatcTSXiNqMp3x",1,9.867,9.867,11.513,1,3,4.079,4.079,6.098,1,6,4.287,4.287,6.261,1,6,3.757,3.757,5.365,1,1,0,0,18.927,0,4,33.705,33.705,37.219,1,NA,0,NA,NA,NA,NA,2,54.335,54.335,91.26,1,1,NA,0,0,14.657,0,1,19.807,19.807,22.391,1,NA,0,NA,NA,NA,NA,8,18.296,20.391,25.797,2,1,2,58.829,97.525,109.079,2,1,4,27.023,29.875,32.712,2,1,8,7.779,9.168,10.584,2,1,1,45.81,69.055,70.141,2,1,5,3.416,5.446,6.95,2,1,8,5.47,15.756,17.353,3,1,3,5.46,8.215,8.889,2
"78","R_27vQyJ8szRZtPXp",1,6.507,6.507,8.022,1,3,3.348,3.348,5.177,1,6,2.428,2.428,4.302,1,6,4.504,10.231,12.139,3,1,0,0,17.464,0,4,20.438,20.438,34.34,1,NA,1,0,0,21.675,0,5,121.393,121.393,125.676,1,NA,1,0,0,26.437,0,1,109.742,109.742,110.537,1,NA,1,0,0,250.621,0,8,163.287,165.301,171.09,2,1,2,428.932,430.664,439.649,2,1,4,1432.648,1433.56,1435.232,2,1,8,4.505,6.012,7.042,2,1,4,68.249,69.588,70.551,2,1,5,4.57,6.415,19.743,2,1,8,7.256,8.449,10.604,2,1,3,8.497,8.497,9.944,1
"79","R_1mz459LyjWtWTRT",1,8.146,8.146,9.551,1,3,43.717,43.717,45.829,1,6,4.069,4.069,5.101,1,6,6.038,6.038,7.502,1,1,0,0,12.434,0,4,28.383,28.383,30.055,1,NA,1,0,0,5.514,0,2,68.88,68.88,71.627,1,1,NA,0,0,15.35,0,1,71.592,71.592,80.921,1,NA,NA,NA,NA,NA,NA,8,6.629,11.557,13.273,2,1,7,56.451,62.668,63.085,5,1,8,26.458,28.097,29.053,2,1,8,6.316,8.711,9.146,3,1,1,87.961,89.384,90.157,2,1,5,2.691,4.149,4.802,2,1,8,4.241,5.881,6.839,2,1,3,4.576,4.576,6.401,1
"80","R_2qeNovJIwefdICf",1,8.078,8.078,9.066,1,3,14.725,14.725,16.775,1,6,5.294,5.294,6.236,1,6,8.014,8.014,9.117,1,1,0,0,10.569,0,4,16.371,16.371,17.556,1,NA,0,NA,NA,NA,NA,6,24.549,25.05,25.302,2,1,NA,0,0,13.893,0,1,53.412,53.412,55.025,1,NA,0,NA,NA,NA,NA,8,6.696,15.653,16.469,6,1,6,17.336,33.785,34.041,6,1,9,13.087,13.817,14.406,2,1,8,8.153,8.765,9.484,2,1,1,15.954,19.469,19.944,4,1,5,1.339,2.143,2.639,2,1,8,1.4,2.364,2.743,2,1,3,4.293,4.293,5.092,1
"81","R_1is1x28qhsiOo9n",1,13.028,13.028,14.642,1,3,10.673,10.673,14.789,1,6,5.335,5.335,6.701,1,6,8.165,8.165,10.663,1,1,0,0,14.045,0,4,52.069,52.069,56.847,1,NA,1,0,0,23.603,0,5,142.234,150.646,152.139,2,NA,1,0,0,9.429,0,1,26.884,26.884,35.088,1,NA,0,NA,NA,NA,NA,8,0.868,22.477,25.995,3,1,5,28.389,71.279,73.1,3,1,4,1.169,37.369,38.656,3,1,8,11.589,14.634,16.114,2,1,3,126.43,129.216,130.557,2,1,5,6.519,9.495,10.465,2,1,8,8.107,9.315,10.102,2,1,3,5.91,5.91,7.283,1
"82","R_28ICOEXbjdsmd9J",1,14.008,14.008,16.364,1,3,23.476,23.476,24.492,1,6,10.025,10.025,10.976,1,6,17.498,17.498,18.482,1,0,0,0,12.312,0,4,14.97,14.97,16.369,1,NA,0,NA,NA,NA,NA,1,75.36,75.36,76.247,1,1,NA,0,0,39.543,0,1,54.165,54.165,55.075,1,NA,0,NA,NA,NA,NA,8,12.182,14.438,15.35,2,1,6,73.053,79.541,80.798,2,1,4,21.283,22.643,23.355,2,1,8,7.285,13.301,14.068,5,1,9,51.954,60.586,60.986,4,1,5,9.691,10.578,14.37,2,1,8,6.955,8.01,9.475,2,1,3,5.631,5.631,6.839,1
"83","R_1LUuEXM3rNRx6gW",1,8.479,8.479,10.751,1,3,5.283,5.283,6.594,1,6,4.651,4.651,6.005,1,6,6.305,6.305,7.71,1,0,0,0,10.977,0,4,14.902,14.902,17.394,1,NA,0,NA,NA,NA,NA,5,51.178,51.178,52.499,1,NA,1,0,0,8.383,0,4,108.918,108.918,110.201,1,1,NA,0,0,35.543,0,8,12.907,16.659,17.741,3,1,2,25.589,28.259,29.474,4,1,4,95.599,98.313,99.505,3,1,8,10.896,13.262,14.487,3,1,9,20.149,24.084,25.302,3,0,NA,NA,NA,NA,NA,NA,NA,NA,NA,NA,NA,NA,NA,NA,NA,NA,NA
"84","R_3nB1XnPRbCNwqrN",1,5.803,5.803,7.68,1,3,3.319,3.319,4.426,1,6,2.964,2.964,5.248,1,6,2.887,2.887,3.832,1,1,0,0,5.254,0,4,13.459,13.459,17.749,1,NA,0,NA,NA,NA,NA,3,65.502,65.502,66.819,1,1,NA,0,0,11.073,0,1,31.975,31.975,33.568,1,NA,0,NA,NA,NA,NA,8,9.494,11.53,12.645,2,1,5,35.414,51.791,52.706,6,1,4,15.305,16.769,17.923,2,1,8,8.73,9.942,10.922,2,1,3,57.771,59.354,60.396,2,1,5,0.006,4.767,5.88,4,1,8,5.339,6.474,7.402,2,1,3,5.067,5.067,7.268,1
"85","R_p0BLc80T617PqSZ",1,35.656,39.343,40.428,2,3,35.758,37.633,39.36,3,6,11.282,14.283,15.626,3,6,20.057,22.969,24.136,2,1,0,0,13.14,0,4,42.198,45.242,46.691,2,NA,0,NA,NA,NA,NA,2,116.362,120,121.532,2,1,NA,10.057,38.923,40.257,2,2,54.929,57.682,59.041,2,1,NA,3.116,3.116,26.746,1,8,29.869,60.107,61.349,10,1,5,22.329,53.105,54.31,6,1,2,6.78,29.885,31.046,6,0,NA,NA,NA,NA,NA,NA,NA,NA,NA,NA,NA,NA,NA,NA,NA,NA,NA,NA,NA,NA,NA,NA,NA,NA,NA,NA,NA,NA,NA
"86","R_8HYpPyQWb1WNxdf",1,5.28,5.28,6.691,1,3,4.97,4.97,7.592,1,6,2.606,2.606,4.649,1,6,2.598,8.264,11.077,3,1,2.746,3.241,15.954,2,4,11.641,14.721,18.415,2,NA,1,6.091,6.366,11.296,2,5,109.863,109.863,112.128,1,NA,1,6.306,9,16.708,2,1,56.876,56.876,58.506,1,NA,0,NA,NA,NA,NA,8,5.359,15.727,17.193,2,1,5,89.862,115.464,116.186,2,1,8,166.579,221.606,224.254,2,1,8,7.031,10.99,11.658,2,1,4,66.825,68.86,74.78,2,1,5,2.012,11.004,12.22,2,1,8,3.298,8.331,9.99,2,1,3,2.529,7.56,9.384,3
"87","R_77ZR8MbHaoO0WXv",1,6.731,6.731,10.47,1,3,11.544,11.544,14.083,1,6,4.347,4.347,6.285,1,6,16.608,16.608,18.476,1,1,0,0,17.869,0,4,19.194,19.194,33.559,1,NA,0,NA,NA,NA,NA,1,197.941,197.941,199.378,1,1,NA,0,0,43.587,0,1,71.666,71.666,74.097,1,NA,0,NA,NA,NA,NA,8,18.94,24.319,25.441,2,1,5,67.91,83.766,87.634,2,1,4,26.387,29.99,31.538,2,1,8,10.081,11.344,13.09,2,1,1,172.548,210.999,212.724,2,1,5,2.658,5.328,7.472,2,1,8,6.846,8.303,10.555,2,1,3,6.298,6.298,7.911,1
"88","R_1oBDbvjZFz6m7aa",1,10.827,10.827,16.908,1,3,11.227,11.227,13.403,1,6,4.726,4.726,6.296,1,6,9.377,9.377,12.767,1,1,0,0,15.483,0,4,13.652,28.489,33.051,2,NA,1,0,0,11.874,0,3,76.065,76.065,78.241,1,1,NA,0,0,23.395,0,1,25.271,25.271,28.349,1,NA,1,0,0,19.13,0,8,18.576,22.316,23.995,2,1,2,55.724,58.251,58.961,2,1,4,54.454,67.788,69.822,3,1,8,19.003,20.438,21.375,2,1,1,80.434,82.801,83.984,2,1,5,7.259,8.655,9.266,2,1,8,12.283,13.718,14.428,2,1,3,3.566,3.566,6.925,1
"89","R_278aYQm8IKA4mY8",1,18.496,18.496,25.63,1,3,74.142,74.142,75.544,1,6,10.236,10.236,12.4,1,6,23.782,23.782,26.179,1,1,0,0,12.08,0,4,28.124,28.124,30.236,1,NA,0,NA,NA,NA,NA,8,420.849,421.55,422.371,2,1,NA,0,0,81.416,0,1,40.367,40.367,46.641,1,NA,0,NA,NA,NA,NA,8,10.886,14.92,16.258,2,1,5,103.878,106.105,108.943,2,1,4,16.679,21.083,21.862,2,1,8,8.569,10.108,10.948,2,1,4,65.267,68.181,70.464,2,1,5,4.47,7.238,9.193,2,1,8,5.232,11.222,11.891,10,1,3,13.144,13.144,15.358,1
"90","R_1FxFhlpNxUvjWQa",1,18.182,18.182,19.962,1,3,10.538,10.538,12.082,1,6,8.167,8.167,10.427,1,6,7.392,7.392,10.048,1,0,0,0,9.488,0,4,18.532,18.532,19.801,1,NA,0,NA,NA,NA,NA,6,74.05,74.05,75.134,1,1,NA,5.213,5.213,7.031,1,1,39.152,39.152,41.42,1,NA,0,NA,NA,NA,NA,8,14.644,19.251,20.771,5,1,2,21.146,38.526,39.925,4,1,4,10.132,15.832,17.192,4,0,NA,NA,NA,NA,NA,NA,NA,NA,NA,NA,NA,NA,NA,NA,NA,NA,NA,NA,NA,NA,NA,NA,NA,NA,NA,NA,NA,NA,NA
"91","R_3CIq48NTzJMVwqM",1,9.044,9.044,17.131,1,3,9.387,9.387,11.144,1,6,6.774,6.774,10.273,1,6,4.511,4.511,5.938,1,0,0,0,8.313,0,4,26.394,26.394,28.124,1,NA,1,0,0,5.974,0,1,117.49,118.702,119.247,2,1,NA,0,0,43.618,0,1,59.151,59.151,60.728,1,NA,1,0,0,3.791,0,8,16.65,18.672,21.213,2,1,9,20.503,22.454,23.701,2,1,4,14.391,15.739,17.965,2,1,8,17.446,26.625,27.46,4,1,9,39.851,41.802,42.749,2,1,5,8.163,12.397,13.942,2,1,8,14.12,15.34,16.181,2,1,3,12.048,12.048,13.33,1
"92","R_2B2R9DHPssRnV0L",1,10.69,14.477,16.754,2,4,8.48,8.48,11.8,1,6,6.874,6.874,9.334,1,2,8.716,8.716,12.127,1,0,0,0,11.191,0,4,11.801,14.402,15.748,2,NA,0,NA,NA,NA,NA,6,8.464,8.464,10.597,1,1,NA,7.154,8.384,10.165,2,4,21.956,21.956,23.663,1,1,NA,7.955,7.955,9.936,1,8,7.007,16.326,17.662,4,1,3,2.236,15.615,17.216,4,1,4,16.148,23.292,24.471,4,1,8,14.156,20.109,21.857,3,1,9,4.412,6.712,8.193,3,1,5,7.445,10.098,11.522,3,1,8,7.398,10.513,11.892,3,1,3,6.301,8.847,10.603,2
"93","R_2q1UDmCHGskPpIR",1,0,0,2310.152,0,3,18.189,18.189,35.439,1,6,2.29,2.29,4.637,1,6,10.102,10.102,11.111,1,1,0,0,7.687,0,4,18.49,18.49,28.203,1,NA,0,NA,NA,NA,NA,1,7.45,7.45,17.367,1,1,NA,0,0,13.945,0,1,17.285,77.194,78.099,2,NA,0,NA,NA,NA,NA,8,12.386,14.848,16.883,2,1,7,21.03,22.178,22.962,2,1,4,25.036,28.774,29.676,2,1,8,17.042,19.422,20.883,2,1,9,9.354,9.872,10.83,2,1,5,1.661,2.217,3.015,2,1,8,5.144,5.626,6.482,2,1,3,3.284,3.284,7.506,1
"94","R_2sRAWVkzubaUNq2",1,2.789,3.157,6.989,2,3,4.572,4.572,6.91,1,6,3.166,7.119,7.871,2,6,7.075,7.075,8.402,1,0,0,0,9.379,0,4,14.38,14.38,20.351,1,NA,0,NA,NA,NA,NA,2,69.246,69.246,71.054,1,1,NA,0,0,11.87,0,1,31.161,31.161,32.338,1,NA,0,NA,NA,NA,NA,8,15.04,25.536,26.203,4,1,4,69.132,113.947,114.696,2,1,4,15.538,18.049,18.856,2,1,8,9.333,10.5,11.492,2,1,9,124.607,126.479,129.023,2,1,5,1.539,4.053,4.845,2,1,8,6.402,7.378,8.237,2,1,3,4.975,4.975,7.324,1
"95","R_1gchKvRrEUuMmr1",1,7.091,9.254,10.936,2,3,6.655,9.017,10.167,2,6,3.953,5.896,7.101,2,6,7.687,9.176,10.246,2,1,0,0,3.433,0,4,28.283,35.79,36.891,2,NA,0,NA,NA,NA,NA,2,29.129,30.977,32.09,2,1,NA,7.873,7.873,8.897,1,5,48.218,49.704,50.61,2,0,NA,NA,NA,NA,NA,8,3.159,11.239,12.531,4,1,8,74.435,78.227,79.83,3,1,6,2.627,48.421,49.564,6,1,9,31.115,34.96,36.348,3,1,9,7.99,44.034,45.101,4,1,5,3.4,9.874,10.898,4,1,8,5.64,8.533,9.643,4,1,3,5.184,6.957,8.238,2
"96","R_3fw6DJVewFfBEkM",1,8.646,8.646,11.031,1,3,6.334,6.334,7.872,1,6,3.7,3.7,5.299,1,6,4.128,4.128,6.579,1,1,0,0,13.131,0,4,35.078,35.078,36.939,1,NA,1,6.351,10.46,13.324,4,1,166.299,168.275,169.306,2,1,NA,3.015,26.205,46.706,6,1,26.685,26.685,28.463,1,NA,NA,NA,NA,NA,NA,8,8.005,31.168,32.966,9,1,5,64.645,68.421,69.67,4,1,8,172.163,183.732,184.946,6,1,8,6.503,10.328,11.94,4,1,9,164.508,167.768,168.809,3,1,5,13.012,14.284,16.976,2,1,8,7.64,10.694,11.834,3,1,3,6.533,7.901,11.589,2
"97","R_2xKkDDuAHJ1hEi7",1,14.924,14.924,15.819,1,3,6.067,6.067,6.877,1,6,4.362,4.362,5.17,1,6,10.506,10.506,11.253,1,0,0,0,7.551,0,4,14.204,14.204,16.279,1,NA,0,NA,NA,NA,NA,3,19.3,19.3,20.212,1,1,NA,0,0,6.438,0,4,13.808,13.808,14.784,1,0,NA,NA,NA,NA,NA,8,13.451,15.116,15.77,2,1,5,14.987,35.651,36.313,3,1,9,16.212,17.617,18.212,2,1,8,10.561,15.745,16.321,2,1,9,12.021,13.292,13.749,2,1,5,1.723,4.946,5.829,2,1,8,5.587,6.832,7.382,2,1,3,4.845,7.162,10.879,2
"98","R_2axBSqi0MT6urDA",1,12.266,12.266,13.585,1,3,6.757,6.757,8.593,1,6,6.215,6.215,9.127,1,6,8.059,8.059,9.394,1,1,0,0,4.19,0,4,10.89,10.89,13.169,1,NA,0,NA,NA,NA,NA,2,45.688,64.737,65.659,2,1,NA,0,0,10.701,0,1,12.455,12.455,18.366,1,NA,0,NA,NA,NA,NA,8,17.915,20.34,21.432,2,1,2,22.609,53.101,53.883,4,1,4,13.408,15.915,17.226,2,1,8,13.087,17.866,18.558,2,1,4,115.82,119.72,120.383,2,1,5,6.165,13.015,13.82,2,1,8,4.981,8.043,8.913,2,1,3,9.579,9.579,10.92,1
"99","R_zSTE2uAMAv5hidr",1,9.253,10.093,15.026,2,3,14.643,14.643,16.072,1,6,3.539,3.603,4.871,2,6,4.876,4.876,6.081,1,1,0,0,16.996,0,4,13.529,13.529,14.695,1,NA,0,NA,NA,NA,NA,1,28.144,28.144,29.798,1,1,NA,0,0,49.109,0,1,21.767,21.767,23.526,1,NA,0,NA,NA,NA,NA,8,11.578,14.225,15.375,2,1,2,40.722,43.617,44.639,3,1,4,19.433,22.041,23.03,3,1,8,8.603,9.947,10.889,2,1,4,91.338,92.946,93.712,2,1,5,0.729,6.833,8.286,4,1,8,1.162,9.746,10.721,4,1,3,3.661,3.661,5.13,1
"100","R_WCGOBEx56HcKx8d",1,1.589,1.589,2.713,1,3,3.501,3.501,4.839,1,6,1.534,1.534,2.713,1,6,2.537,4.668,5.774,2,0,0,0,5.211,0,4,7.039,7.039,8.435,1,NA,0,NA,NA,NA,NA,5,13.263,13.263,27.592,1,NA,0,NA,NA,NA,NA,4,11.965,17.119,18.139,2,1,NA,0,0,5.865,0,8,2.476,3.963,6.457,2,1,9,1.118,6.084,7.343,4,0,NA,NA,NA,NA,NA,NA,NA,NA,NA,NA,NA,NA,NA,NA,NA,NA,NA,NA,NA,NA,NA,NA,NA,NA,NA,NA,NA,NA,NA,NA,NA,NA,NA,NA,NA
"101","R_2QhVFbTx2BiV8pn",1,14.024,14.024,16.814,1,3,6.931,6.931,8.791,1,6,2.998,2.998,6.607,1,6,2.741,7.843,11.653,2,1,0,0,17.631,0,4,12.321,12.321,14.726,1,NA,1,0,0,16.575,0,2,35.365,35.365,36.86,1,1,NA,0,0,17.096,0,5,26.279,26.279,27.597,1,1,NA,0,0,6.472,0,8,17.149,20.849,21.922,3,1,9,18.341,44.842,45.999,2,1,2,28.019,31.729,32.832,3,1,8,8.914,11.524,13.717,3,1,9,29.609,31.224,33.663,3,1,5,3.501,7.143,9.481,3,1,8,7.684,9.807,11.594,3,1,3,4.157,4.157,5.725,1
"102","R_1d4xcrJsMVvZnjM",1,4.502,4.502,6.877,1,3,5.738,5.738,7.71,1,6,2.944,2.944,5.195,1,6,3.261,3.261,4.446,1,1,0,0,8.089,0,4,11.016,11.016,12.541,1,NA,0,NA,NA,NA,NA,2,68.992,68.992,70.441,1,1,NA,31.434,31.434,33.141,1,1,17.222,17.222,19.799,1,NA,0,NA,NA,NA,NA,8,5.235,7.8,8.41,3,1,2,36.375,39.06,40.591,3,1,4,5.476,8.27,8.85,4,1,8,3.486,10.689,11.929,5,1,4,18.026,20.569,21.065,3,1,5,1.38,3.265,4.182,3,1,8,4.34,6.118,6.856,3,1,3,3.851,4.924,5.594,2
"103","R_3HuDBBTt40PFC9h",1,7.209,7.209,8.457,1,3,7.224,7.224,8.045,1,6,3.407,3.407,4.33,1,6,9.026,9.026,9.874,1,1,0,0,6.304,0,4,7.693,7.693,9.813,1,NA,0,NA,NA,NA,NA,5,38.586,38.586,39.209,1,NA,0,NA,NA,NA,NA,1,31.691,31.691,32.987,1,NA,0,NA,NA,NA,NA,8,11.413,23.489,26.041,2,1,5,34.543,42.65,44.2,3,1,4,12.625,18.72,19.572,2,1,8,6.295,8.368,8.74,3,1,4,339.428,486.885,487.536,3,1,5,2.263,4.687,8.853,2,1,8,5.482,6.668,8.038,2,1,3,4.299,4.299,11.567,1
"104","R_2CqfuMUVxL46rcR",1,8.959,8.959,10.048,1,3,7.985,7.985,9.216,1,6,4.496,4.496,5.483,1,6,6.611,6.611,7.678,1,1,0,0,17.086,0,5,17.005,17.005,18.007,1,1,NA,0,0,8.852,0,1,333.806,333.806,334.814,1,1,NA,0,0,54.216,0,1,66.756,66.756,69.197,1,NA,0,NA,NA,NA,NA,8,16.329,20.904,21.877,2,1,5,115.138,116.589,117.293,2,1,4,45.349,46.928,47.853,2,1,8,10.917,21.997,22.834,3,1,4,139.323,143.143,144.692,2,1,5,6.828,8.239,9.045,2,1,8,8.223,9.269,10.875,2,1,3,6.804,6.804,8.398,1
"105","R_1liQP6BSlopEEku",1,8.234,8.234,10.352,1,3,5.649,5.649,7.405,1,6,4.273,4.273,5.826,1,6,7.66,9.079,9.994,2,1,0,0,11.999,0,4,57.087,57.087,58.75,1,NA,1,5.244,5.244,7.8,1,1,203.514,203.514,206.228,1,1,NA,36.57,59.843,61.685,2,1,49.738,49.738,52.023,1,NA,0,NA,NA,NA,NA,8,20.479,27.227,29.192,4,1,6,19.65,24.445,26.266,3,1,4,3.324,39.197,40.948,4,1,8,13.005,16.834,18.538,3,1,4,7.002,141.516,142.988,5,1,5,4.184,20.031,21.491,4,1,8,12.645,19.423,21.921,4,1,3,8.271,8.271,10.456,1
"106","R_5C3HqxKY1rSlLJT",1,10.762,12.119,13.27,2,3,7.332,9.089,10.301,2,6,7.64,10.916,13.037,2,6,13.937,15.208,16.711,2,0,0,0,28.964,0,4,11.49,16.315,17.955,2,NA,0,NA,NA,NA,NA,2,3.557,117.546,118.955,3,1,NA,10.772,40.46,58.624,3,1,22.414,26.153,27.481,2,NA,0,NA,NA,NA,NA,8,15.542,26.062,27.893,4,1,5,1.329,37.639,38.743,5,1,9,4.343,51.766,53,6,1,8,5.714,14.701,15.76,4,1,8,38.997,59.309,60.877,3,0,NA,NA,NA,NA,NA,NA,NA,NA,NA,NA,NA,NA,NA,NA,NA,NA,NA
"107","R_2pVOrlHeGzDDNxK",1,7.755,7.755,9.341,1,1,2.538,8.794,10.442,3,6,4.376,5.088,5.84,2,6,6.045,6.045,6.518,1,0,1.136,1.136,2.008,1,2,1.543,4.367,6.648,3,0,NA,NA,NA,NA,NA,2,5.223,5.223,6.393,1,0,NA,NA,NA,NA,NA,1,12.196,14.204,15.541,2,NA,0,NA,NA,NA,NA,8,8.074,15.683,16.451,4,1,3,1.873,3.288,3.913,2,1,9,3.259,4.427,5.028,2,1,8,7.842,8.921,9.499,2,1,7,12.941,13.877,14.59,2,1,5,3.398,5.486,6.08,2,1,8,2.114,7.41,8.242,5,1,3,4.326,6.637,9.222,2
"108","R_Rt3GMKkKjF2oiK5",1,3.044,5.253,6.682,3,3,22.968,24.124,25.474,2,6,2.998,4.136,5.542,2,6,4.951,10.116,11.818,4,1,0,0,15.658,0,4,29.488,31.338,34.014,2,NA,1,3.248,4.497,8.628,2,1,109.615,112.516,113.597,2,1,NA,2.065,32.984,34.205,4,5,47.279,61.299,62.612,3,1,NA,1.997,27.715,28.733,5,8,8.325,14.189,16.177,4,1,5,3.994,81.424,83.278,10,1,4,7.377,28.139,29.12,6,1,8,3.199,11.835,13.013,4,1,9,3.018,52.858,53.923,4,1,5,6.307,9.951,11.188,3,1,8,4.404,8.028,9.937,4,1,3,2.816,3.991,7.36,2
"109","R_1K90bmpDUuqdfwG",1,5.55,5.55,9.164,1,4,3.564,3.564,4.838,1,6,2.754,4.375,5.171,2,6,8.544,8.544,9.5,1,1,0,0,3.25,0,1,16.978,16.978,18.313,1,1,NA,0,0,12.065,0,5,34.457,34.457,38.023,1,NA,0,NA,NA,NA,NA,5,26.284,26.284,27.814,1,1,NA,0,0,53.286,0,8,5.961,11.982,13.807,2,1,5,116.124,118.889,120.391,2,1,4,37.226,40.212,42.793,2,1,8,14.291,16.991,17.9,2,1,2,126.006,127.511,128.098,2,1,5,3.147,4.171,5.017,2,1,8,8.337,9.179,10.363,2,1,3,4.621,10.387,11.662,3
"110","R_2D1QwQeTgFFshK9",1,10.118,13.02,14.23,2,3,5.705,7.936,9.131,2,6,3.264,5.439,6.661,2,6,4.237,6.114,7.483,2,0,0,0,11.611,0,4,6.092,16.824,21.16,2,NA,0,NA,NA,NA,NA,6,50.474,52.413,53.863,2,1,NA,6.651,6.651,7.699,1,1,19.079,21.304,22.576,2,NA,0,NA,NA,NA,NA,8,14.641,22.501,23.464,5,1,6,25.786,31.371,32.681,4,1,1,136.992,165.553,166.865,4,1,8,12.372,17.435,18.776,4,1,6,67.468,72.524,73.516,3,1,5,5.203,9.646,10.626,3,1,8,6.456,9.515,11.221,3,1,3,5.594,8.646,11.618,2
"111","R_2rSdYvJPb52BrnB",1,13.464,13.464,16.078,1,2,7.066,7.066,13.47,1,6,9.487,9.487,11.2,1,6,8.799,8.799,10.098,1,1,0,0,14.75,0,4,27.617,30.894,31.616,3,NA,0,NA,NA,NA,NA,1,66.673,66.673,80.867,1,1,NA,6.833,18.455,20.886,2,1,14.396,14.396,16.956,1,NA,0,NA,NA,NA,NA,8,20.216,31.783,33.06,4,1,5,7.419,52.376,53.658,6,1,4,73.027,89.672,96.47,5,1,8,27.291,32.073,33.321,5,1,3,9.527,162.491,163.607,9,1,5,8.472,14.071,15.369,4,1,8,8.661,12.101,13.017,5,1,3,8.645,10.261,11.531,2
"112","R_2ydcplbem023rl4",1,8.554,8.554,11.418,1,3,8.432,8.432,10.604,1,6,6.328,6.328,8.302,1,6,11.819,11.819,13.522,1,1,0,0,11.101,0,4,31.35,31.35,32.676,1,NA,1,0,0,16.525,0,5,197.612,197.612,199.843,1,NA,1,0,0,24.722,0,1,26.816,26.816,28.925,1,NA,1,0,0,10.352,0,8,22.131,27.314,29.078,2,1,5,75.85,90.517,92.184,2,1,4,27.856,32.651,34.293,3,1,8,26.88,28.907,30.756,2,1,3,136.953,138.843,142.207,2,1,5,18.532,20.169,22.719,2,1,8,8.371,10.582,12.634,2,1,3,8.102,8.102,11.161,1
"113","R_2R8ntfPyrxIpLU9",1,12.452,12.452,16.761,1,3,39.404,39.404,50.346,1,6,284.609,284.609,290.215,1,6,8.342,17.78,23.966,2,1,0,0,15.171,0,4,61.945,61.945,62.94,1,NA,1,0,0,12.801,0,8,211.118,211.118,211.854,1,1,NA,0,0,123.162,0,1,172.708,172.708,173.736,1,NA,0,NA,NA,NA,NA,8,196.223,208.707,214.911,3,1,5,112.298,115.973,119.817,2,1,4,69.62,70.86,71.579,2,1,8,96.416,98.154,99.686,2,1,4,65.874,69.754,70.556,2,1,5,40.096,42.07,44.175,2,1,8,13.128,14.599,15.677,2,1,3,13.602,13.602,14.581,1
"114","R_OeYxiIMicNASSxH",1,8.85,8.85,11.167,1,3,7.059,7.059,8.524,1,6,2.758,2.758,3.51,1,3,6.61,6.61,7.8,1,0,0,0,20.218,0,4,24.514,24.514,28.139,1,NA,0,NA,NA,NA,NA,1,147.345,147.345,149.589,1,1,NA,0,0,22.538,0,1,54.038,54.038,55.756,1,NA,0,NA,NA,NA,NA,8,15.035,23.729,27.139,2,1,5,183.22,184.448,185.745,2,1,4,72.225,73.163,74.426,2,1,8,16.882,18.088,18.868,2,1,9,124.774,163.064,164.722,3,1,5,5.906,8.957,9.69,2,1,8,1.734,11.651,13.673,3,1,4,1.9,3.69,8.896,2
"115","R_3EytQdFAI9KfZe2",1,2.87,4.107,4.714,2,4,3.287,3.287,4.387,1,6,1.384,1.384,2.5,1,6,1.524,1.524,2.656,1,0,0,0,0.793,0,4,8.645,10.346,11.682,2,NA,0,NA,NA,NA,NA,5,2.591,2.591,3.947,1,NA,0,NA,NA,NA,NA,1,3.584,3.584,5.2,1,NA,0,NA,NA,NA,NA,8,0.982,4.018,7.631,2,1,8,6.089,7.731,10.756,2,1,9,1.16,4.504,7.4,2,1,8,1.568,2.713,3.952,2,1,9,1.424,4.418,5.468,2,1,5,0.849,1.939,3.042,2,1,8,1.333,2.501,5.282,2,1,3,1.883,5.451,7.067,2
"116","R_2aS0KmOsQ7nuayq",1,12.207,12.207,13.996,1,3,11.077,11.077,12.368,1,6,3.168,3.168,7.574,1,6,4.532,4.532,5.787,1,0,0,0,4.684,0,4,7.05,17.058,33.116,2,NA,0,NA,NA,NA,NA,5,48.698,48.698,49.93,1,NA,0,NA,NA,NA,NA,5,8.1,8.1,9.394,1,0,NA,NA,NA,NA,NA,9,5.259,8.991,10.633,4,0,NA,NA,NA,NA,NA,NA,NA,NA,NA,NA,NA,NA,NA,NA,NA,NA,NA,NA,NA,NA,NA,NA,NA,NA,NA,NA,NA,NA,NA,NA,NA,NA,NA,NA,NA,NA,NA,NA,NA,NA,NA
"117","R_cvkyUQYvfJNwNkB",1,2.851,13.665,15.989,8,3,1.671,13.752,15.522,2,6,3.433,3.433,6.804,1,6,8.853,8.853,10.36,1,0,0,0,6.677,0,5,10.722,10.722,12.249,1,1,NA,0,0,5.413,0,8,23.053,23.053,24.807,1,1,NA,0,0,10.574,0,1,22.195,22.195,24.766,1,NA,0,NA,NA,NA,NA,8,5.757,9.401,10.5,2,1,2,14.128,17.484,18.438,2,1,1,10.112,11.815,15.775,2,1,8,4.477,6.148,7.068,3,1,9,9.201,10.512,11.429,2,1,5,2.271,3.429,4.605,2,1,8,6.857,8.466,9.201,2,1,3,3.645,3.645,5.637,1
"118","R_1hxUm8bs57VGQPz",1,6.221,6.221,10.106,1,3,25.092,25.092,26.791,1,6,4.104,4.104,5.973,1,3,8.705,8.705,14.929,1,1,0,0,8.601,0,4,19.984,19.984,22.301,1,NA,1,7.684,7.684,10.882,1,2,55.622,55.622,58.059,1,1,NA,6.622,30.007,39.085,3,5,27.365,27.365,33.702,1,1,NA,11.225,11.225,13.294,1,8,14.707,32.578,42.907,4,1,5,85.222,88.186,89.79,2,1,4,30.922,59.224,60.683,4,1,8,7.272,21.963,23.09,3,1,9,25.564,28.243,29.431,3,1,5,4.004,10.204,11.58,4,1,8,6.71,11.413,12.404,3,1,3,6.982,6.982,10.673,1
"119","R_2xMpyfOBa7Geu4c",1,9.292,11.551,12.734,2,1,52.29,54.764,55.904,2,6,5.735,5.735,8.506,1,4,7.076,8.982,10.422,2,0,0,0,6.24,0,4,51.232,52.8,54.3,2,NA,0,NA,NA,NA,NA,5,120.186,121.543,123.122,2,NA,1,7.788,7.788,9.16,1,1,27.007,67.579,69.256,5,NA,0,NA,NA,NA,NA,8,8.292,12.808,14.089,3,1,9,4.67,56.895,58.308,5,1,4,19.28,23.636,24.711,4,1,8,13.659,20.149,21.375,4,1,4,4.312,23.116,24.348,4,1,5,2.601,9.542,10.89,4,1,8,6.986,9.512,10.909,3,1,3,2.932,7.691,9.216,2
"120","R_2zBGvT62rgLvEwU",1,10.719,10.719,17.02,1,3,20.766,20.766,27.014,1,6,4.044,4.044,7.183,1,6,11.502,11.502,13.198,1,0,0,0,3.547,0,4,24.688,24.688,26.365,1,NA,0,NA,NA,NA,NA,3,39.83,40.754,41.202,2,0,NA,NA,NA,NA,NA,7,8.847,8.847,10.184,1,0,NA,NA,NA,NA,NA,2,4.016,14.52,14.524,2,NA,8,5.706,9.526,13.757,2,1,5,10.526,12.558,15.671,2,1,5,1.571,2.3,3.53,2,1,7,3.152,4.706,5.787,2,1,5,1.377,6.753,10.17,2,1,8,3.683,7.508,8.291,2,1,3,4.668,4.668,7.953,1
"121","R_10B3kvGoWMejTge",1,6.913,6.913,8.55,1,3,8.041,8.041,10.465,1,6,5.738,5.738,6.812,1,6,8.648,8.648,9.675,1,0,15.412,15.412,15.935,1,2,14.934,14.934,17.923,1,1,NA,0,0,9.201,0,6,46.271,46.271,49.526,1,1,NA,0,0,11.116,0,5,21.389,21.389,23.727,1,1,NA,0,0,7.134,0,8,12.442,14.283,16.329,2,1,2,34.081,36.241,37.355,2,1,4,26.134,27.685,28.621,2,1,8,9.28,11.169,14.022,2,1,1,13.358,21.232,22.23,2,1,5,5.567,7.752,9.027,2,1,8,4.456,8.201,9.093,2,1,3,7.179,7.179,9.782,1
"122","R_27KKMJPCWwTkq6A",1,2.739,2.739,6.832,1,3,3.344,3.344,5.325,1,6,2.206,2.206,3.667,1,5,3.089,3.089,5.068,1,0,0,0,15.19,0,4,10.34,10.34,11.859,1,NA,1,3.799,3.799,5.241,1,5,9.488,9.488,10.946,1,NA,1,3.856,3.856,5.095,1,5,5.385,5.385,45.046,1,1,NA,1.688,1.688,3.362,1,8,8.728,13.686,14.89,3,1,6,7.43,11.072,12.032,3,1,2,10.937,17.048,17.947,3,1,8,3.512,6.048,7.16,4,1,9,7.778,10.025,11.159,3,1,5,1.213,3.304,4.431,3,1,8,6.485,11.781,12.742,3,1,3,6.345,6.345,8.437,1
"123","R_AvwottMeyqke61b",1,20.31,20.802,23.155,2,3,20.137,20.137,22.211,1,6,5.504,5.504,11.201,1,6,7.041,7.041,14.257,1,1,0,0,16.749,0,4,13.52,13.52,35.253,1,NA,0,NA,NA,NA,NA,2,92.124,92.124,98.192,1,1,NA,13.737,128.911,130.365,13,1,76.208,76.208,80.483,1,NA,0,NA,NA,NA,NA,8,13.003,21.42,24.156,3,1,6,58.449,86.887,88.27,3,1,4,10.181,21.107,22.001,4,1,8,20.962,28.737,30.612,4,1,4,74.882,80.409,82.083,4,1,5,2.642,5.977,9.607,3,1,8,5.501,13.038,14.315,4,1,3,6.133,9.379,11.342,2
"124","R_1i81DtiGZ4qQBvD",1,5.484,5.484,8.226,1,3,6.949,6.949,8.465,1,6,2.434,3.841,4.54,2,6,3.098,4.673,6.25,3,0,0,0,10.199,0,5,20.154,23.05,24.466,2,0,NA,NA,NA,NA,NA,1,12.201,12.201,13.941,1,0,NA,NA,NA,NA,NA,5,10.741,10.741,12.236,1,0,NA,NA,NA,NA,NA,8,8.594,12.144,13.771,2,1,9,15.905,17.116,19.331,2,1,8,12.835,15.583,16.819,2,1,8,16.653,18.128,19.67,2,1,9,27.698,31.87,32.769,4,1,5,4.448,5.92,6.903,2,1,8,3.462,5.209,5.987,2,1,3,9.561,9.561,11.93,1
"125","R_2ttKxtUKis5y454",1,26.079,26.079,27.37,1,3,59.939,59.939,65.462,1,6,6.778,6.778,10.059,1,6,15.635,15.635,18.275,1,1,0,0,20.474,0,4,89.444,89.444,100.117,1,NA,1,0,0,29.491,0,1,227.4,227.4,228.387,1,1,NA,0,0,37.495,0,5,78.47,78.47,79.849,1,1,NA,0,0,31.033,0,8,31.363,47.628,48.981,2,1,6,104.8,204.584,205.43,3,1,1,188.635,217.112,217.984,3,1,8,25.816,49.753,50.775,2,1,7,109.517,138.415,139.34,2,1,5,8.185,11.076,17.177,2,1,8,17.495,20.821,21.995,2,1,3,17.021,17.021,19.818,1
"126","R_1nUCCNlzziZsgzG",1,8.021,8.021,12.859,1,1,33.584,33.584,36.136,1,6,3.862,3.862,5.657,1,6,5.561,5.561,10.191,1,1,0,0,7.573,0,4,11.14,15.684,17.014,2,NA,0,NA,NA,NA,NA,1,114.71,124.51,125.835,3,1,NA,0,0,24.577,0,1,31.834,31.834,33.865,1,NA,0,NA,NA,NA,NA,8,10.613,19.839,21.425,11,1,2,6.366,82.615,84.075,5,1,5,6.159,103.945,105.176,9,1,8,13.075,32.961,34.001,10,1,8,71.71,75.472,76.576,3,1,5,17.562,19.506,21.474,2,1,8,13.578,16.871,18.307,7,1,3,6.652,10.713,11.139,5
"127","R_1eWuFwC1e81dmZL",1,11.725,11.725,13.835,1,3,25.431,25.431,29.212,1,6,7.669,7.669,9.325,1,4,10.618,10.618,12.974,1,0,0,0,11.958,0,4,42.06,42.06,43.811,1,NA,0,NA,NA,NA,NA,7,192.518,192.518,195.32,1,1,NA,0,0,78.92,0,1,303.603,303.603,305.192,1,NA,1,0,0,8.825,0,8,19.724,26.184,27.509,2,1,5,66.168,67.827,72.088,2,1,4,47.94,68.898,70.383,5,0,NA,NA,NA,NA,NA,NA,NA,NA,NA,NA,NA,NA,NA,NA,NA,NA,NA,NA,NA,NA,NA,NA,NA,NA,NA,NA,NA,NA,NA
"128","R_1hXplCplvy1YpRM",1,10.48,10.48,14.62,1,3,8.644,8.644,10.178,1,6,8.026,8.026,9.038,1,6,9.61,9.61,13.806,1,1,0,0,10.358,0,4,62.657,62.657,63.821,1,NA,1,0,0,13.489,0,5,120.25,120.25,121.934,1,NA,1,0,0,12.922,0,1,31.288,31.288,32.372,1,NA,0,NA,NA,NA,NA,8,19.031,20.239,21.914,2,1,2,77.655,78.695,79.396,2,1,4,38.384,40.511,42.179,2,1,8,15.976,17,17.866,2,1,1,70.353,85.385,86.013,4,1,5,6.231,8.056,8.771,2,1,8,7.008,10.704,11.365,4,1,3,3.906,3.906,9.286,1
"129","R_UnnB6CVWYIAUXTP",1,5.156,5.156,8.512,1,3,9.122,9.122,11.336,1,6,2.653,2.653,3.746,1,6,5.617,5.617,6.595,1,0,0,0,13.101,0,4,8.77,8.77,10.133,1,NA,0,NA,NA,NA,NA,1,29.364,29.364,30.626,1,1,NA,8.583,8.583,9.65,1,1,55.377,72.265,74.353,2,NA,0,NA,NA,NA,NA,8,10.593,14.185,15.042,2,1,2,21.406,23.012,23.854,2,1,4,21.901,22.925,23.567,2,1,8,8.491,9.547,10.229,2,1,9,36.932,38.052,38.736,2,1,5,1.733,5.415,6.097,2,1,8,6.07,12.43,13.815,5,1,3,4.688,4.688,8.175,1
"130","R_27JO1BWCYqCjxmp",1,9.36,9.36,11.264,1,3,23.532,23.532,25.635,1,6,3.155,3.155,3.673,1,6,7.929,7.929,8.568,1,0,0,0,15.658,0,4,21.048,21.048,21.667,1,NA,1,0,0,8.495,0,1,93.472,93.472,94.211,1,1,NA,0,0,25.235,0,1,21.295,55.815,56.557,3,NA,1,0,0,5.168,0,8,7.053,21.645,23.131,3,1,4,55.3,63.211,64.203,2,1,4,9.301,14.83,17.571,2,1,8,20.453,21.72,23.02,2,1,6,109.939,110.843,112.131,2,1,5,4.938,13.87,15.148,2,1,8,6.118,8.783,9.413,2,1,3,4.653,4.653,6.305,1
"131","R_1dB8lwYRNtQSGBP",1,7.105,7.105,8.63,1,3,13.17,13.17,14.71,1,6,6.239,6.239,7.627,1,6,10.798,10.798,12.025,1,1,0,0,11.605,0,4,16.205,16.205,17.959,1,NA,0,NA,NA,NA,NA,1,26.833,26.833,29.176,1,1,NA,0,0,5.734,0,8,16.138,16.138,17.325,1,0,NA,NA,NA,NA,NA,8,11.171,17.049,18.489,3,1,3,17.935,27.942,28.913,3,1,4,11.726,13.493,14.381,2,1,8,7.341,8.706,9.707,2,1,9,3.083,5.169,6.242,2,1,5,3.179,5.076,6.126,3,1,8,6.736,8.393,9.414,2,1,3,5.021,5.021,6.632,1
"132","R_2tEHATBarjzINPz",1,13.529,13.529,15.044,1,3,10.084,10.084,11.71,1,6,3.136,3.136,4.185,1,6,3.943,3.943,5.148,1,0,0,0,18.6,0,4,26.34,26.34,36.161,1,NA,0,NA,NA,NA,NA,1,103.418,103.418,107.257,1,1,NA,0,0,26.79,0,1,34.228,34.228,36.626,1,NA,0,NA,NA,NA,NA,8,24.688,27.712,30.172,2,1,5,62.689,64.857,66.16,2,1,5,93.295,95.694,98.38,2,0,NA,NA,NA,NA,NA,NA,NA,NA,NA,NA,NA,NA,NA,NA,NA,NA,NA,NA,NA,NA,NA,NA,NA,NA,NA,NA,NA,NA,NA
"133","R_eP6oaFlx8YEkpK9",1,7.064,7.441,13.116,2,3,8.731,10.843,13.674,2,6,6.929,6.929,7.967,1,6,9.959,9.959,10.6,1,0,0,0,13.708,0,4,20.573,20.573,21.652,1,NA,1,15.569,19.215,20.326,3,2,21.236,21.236,22.047,1,1,NA,24.798,24.798,25.437,1,5,17.483,17.483,18.283,1,1,NA,0,0,28.887,0,8,11.653,21.373,22.132,3,1,6,50.278,50.925,51.484,2,1,4,85.141,85.837,86.492,2,1,8,17.342,24.485,25.428,3,1,9,1.544,118.279,119.237,2,1,5,16.572,26.02,26.689,2,1,8,6.626,6.985,7.771,2,1,3,11.208,11.208,12.608,1
"134","R_3dJGAqPLpStq6dP",1,5.379,10.638,12.077,3,3,7.51,8.912,10.03,2,6,3.991,5.052,6.419,2,6,7.892,10.865,12.73,2,1,0,0,12.554,0,4,27.379,28.674,29.916,2,NA,1,3.258,9.82,11.492,3,2,16.957,92.484,93.595,4,1,NA,2.443,53.819,54.961,5,1,25.897,27.338,28.543,2,NA,0,NA,NA,NA,NA,8,6,13.094,14.148,5,1,6,19.861,56.557,57.7,4,1,1,4.328,87.616,88.798,10,1,8,13.024,15.204,16.579,3,1,6,4.57,73.784,74.965,5,1,5,2.322,13.539,14.863,5,1,8,6.04,10.426,11.427,4,1,3,5.061,10.033,11.289,2
"135","R_1JUy2EVYsdMUPtV",1,7.054,7.054,9.701,1,3,31.508,31.508,36.111,1,6,4.876,4.876,6.72,1,4,3.693,3.693,6.527,1,1,0,0,17.943,0,4,12.332,12.332,23.23,1,NA,0,NA,NA,NA,NA,5,28.744,28.744,39.112,1,NA,0,NA,NA,NA,NA,1,27.686,27.686,29.227,1,NA,0,NA,NA,NA,NA,8,12.456,20.921,21.988,4,1,5,99.817,102.885,104.219,3,1,4,9.383,33.889,35.337,4,1,8,9.177,21.2,22.651,5,1,6,162.345,235.951,237.268,8,1,5,3.11,7.934,8.982,3,1,8,9.954,12.637,14.787,3,1,3,5.443,5.443,8.256,1
"136","R_3elByaLdlqhgWBw",1,9.644,9.644,11.714,1,3,8.729,8.729,10.235,1,6,6.234,6.234,16.522,1,6,6.839,6.839,11.123,1,0,0,0,9.948,0,4,11.265,11.265,58.079,1,NA,0,NA,NA,NA,NA,7,47.527,47.527,48.688,1,1,NA,0,0,10.308,0,1,60.321,60.321,61.593,1,NA,0,NA,NA,NA,NA,8,7.707,13.386,15.059,2,1,7,24.752,26.549,30.386,2,1,4,29.346,31.804,34.589,2,1,8,11.411,13.506,14.669,2,1,9,16.349,17.151,18.406,2,1,5,7.148,9.118,10.041,2,1,8,7.143,8.984,9.498,3,1,3,5.608,5.608,7.884,1
"137","R_3qroYV8k01bDGal",1,7.894,7.894,8.934,1,3,5.779,5.779,7.093,1,6,4.532,4.532,5.357,1,6,6.263,6.263,7.128,1,1,0,0,9.327,0,4,15.673,15.673,16.675,1,NA,1,0,0,9.598,0,2,22.871,22.871,24.887,1,1,NA,19.428,19.428,19.827,1,4,38.689,38.689,39.513,1,1,NA,11.221,11.221,11.565,1,8,6.122,41.083,42.996,34,1,6,16.55,18.941,19.566,2,1,4,7.372,8.284,9.108,2,1,8,8.942,10.653,11.254,2,1,4,7.116,8.084,8.835,2,1,5,1.46,14.628,15.196,2,1,8,3.371,4.323,4.89,2,1,3,3.794,3.794,4.772,1
"138","R_2UbXnHaRn7U65pH",1,17.834,17.834,20.368,1,3,25.899,25.899,28.01,1,6,8.146,8.146,9.831,1,6,15.126,15.126,16.455,1,1,0,0,11.227,0,4,59.675,59.675,61.157,1,NA,0,NA,NA,NA,NA,1,58.763,58.763,60.041,1,1,NA,53.255,139.192,141.056,3,1,49.936,49.936,51.866,1,NA,1,6.224,6.224,8.282,1,8,15.293,35.537,37.32,9,1,2,37.755,40.818,43.392,3,1,4,27.545,28.846,30.968,2,1,8,8.573,11.43,12.733,3,1,4,48.411,51.909,53.188,3,1,5,6.995,10.542,13.544,3,1,8,7.147,12.999,14.432,3,1,3,6.319,6.319,9.963,1
"139","R_1BUZvVsEEk1RVjb",1,3.936,3.936,5.644,1,3,3.152,3.152,4.525,1,6,2.078,2.078,3.504,1,4,2.032,5.552,6.713,2,1,0,0,10.843,0,4,9.801,9.801,11.534,1,NA,0,NA,NA,NA,NA,1,15.88,15.88,22.277,1,1,NA,0,0,8.505,0,1,29.915,29.915,31.077,1,NA,0,NA,NA,NA,NA,8,8.492,15.804,17.204,2,1,5,27.6,98.752,100.42,5,1,4,7.653,28.476,29.857,3,1,8,11.132,11.916,13.783,2,1,4,78.611,87.497,88.861,2,1,5,4.428,5.98,7.168,2,1,8,7.059,9.347,10.455,2,1,3,3.275,3.275,7.84,1
"140","R_cSKuTGb5ecWiPNT",1,11.968,11.968,14.657,1,3,8.173,8.173,11.497,1,6,7.332,7.332,8.767,1,6,7.388,15.684,16.946,2,1,0,0,8.915,0,4,17.552,17.552,19.582,1,NA,0,NA,NA,NA,NA,2,75.907,83.457,85.048,2,1,NA,0,0,15.694,0,1,40.78,40.78,62.314,1,NA,0,NA,NA,NA,NA,8,9.644,11.847,12.982,2,1,5,22.914,26.805,27.962,2,1,4,36.632,41.727,42.673,3,1,8,7.966,9.56,10.48,2,1,9,56.893,58.654,59.719,2,1,5,2.045,27.142,28.2,6,1,8,88.367,90.654,91.427,3,1,3,5.643,5.643,7.934,1
"141","R_1imqK3ZMbEVxmuh",1,8.961,13.907,17.938,4,3,4.894,6.939,9.002,2,6,6.148,7.276,8.542,2,6,7.532,11.347,12.65,2,1,0,0,5.953,0,4,7.917,9.92,11.163,2,NA,0,NA,NA,NA,NA,7,50.278,85.186,86.194,6,0,NA,NA,NA,NA,NA,5,30.141,31.638,32.981,2,0,NA,NA,NA,NA,NA,8,13.541,24.396,30.255,4,1,NA,3.699,12.963,12.979,4,1,9,5.863,15.317,15.322,6,NA,8,7.616,10.674,12.295,3,1,NA,2.908,10.376,10.382,3,1,5,3.781,10.102,11.801,3,1,8,4.648,10.556,12.13,3,1,4,5.597,8.39,10.507,2
"142","R_d4E6dqqNu0Ybfs5",1,9.129,9.129,12.018,1,3,7.343,7.343,14.55,1,6,9.955,9.955,11.108,1,6,5.555,5.555,9.002,1,1,0,0,10.818,0,4,16.824,16.824,21.173,1,NA,1,0,0,15.326,0,2,112.478,112.478,114.807,1,1,NA,0,0,35.221,0,8,66.114,66.114,67.089,1,1,NA,0,0,61.156,0,8,19.603,24.275,26.755,2,1,5,40.582,43.046,45.453,2,1,4,59.521,60.745,62.048,2,1,8,8.008,9.071,10.126,2,1,4,105.764,106.659,108.011,2,1,5,20.855,31.086,32.217,2,1,8,8.935,11.566,12.677,2,1,3,6.235,6.235,8.905,1
"143","R_YbNfY7wvlakSEjD",1,1.702,1.702,2.655,1,3,3.907,3.907,4.684,1,6,1.308,1.308,2.002,1,6,4.166,4.166,6.68,1,1,0.981,0.981,1.466,1,4,4.557,4.557,5.254,1,NA,0,NA,NA,NA,NA,5,4.786,4.786,5.621,1,NA,0,NA,NA,NA,NA,1,4.869,4.869,6.037,1,NA,0,NA,NA,NA,NA,8,1.458,3.071,4.835,2,1,2,26.369,44.374,45.565,2,1,7,0.925,75.679,76.834,11,1,8,2.01,3.292,4.172,2,1,1,2.449,3.154,3.855,2,1,5,0.892,2.598,3.396,3,1,8,3.707,4.343,4.979,2,1,3,5.227,5.227,8.262,1
"144","R_2OTMw3t8RLlc34c",1,12.898,12.898,15.877,1,3,8.394,8.394,9.496,1,6,2.051,2.051,2.955,1,6,5.486,5.486,6.17,1,1,0,0,18.604,0,4,9.089,9.089,10.017,1,NA,0,NA,NA,NA,NA,2,229.942,229.942,230.926,1,1,NA,20.436,27.383,29.838,2,1,38.508,57.724,58.07,2,NA,1,8.405,8.405,16.035,1,8,21.558,25.216,25.95,2,1,6,124.403,130.059,134.373,2,1,4,26.314,36.067,36.782,3,1,8,0.841,13.473,24.041,2,1,3,94.816,101.718,102.305,4,1,5,1.508,3.642,69.401,2,1,8,5.525,7.105,7.623,2,1,3,3.672,6.016,6.914,2
"145","R_12KfoivHAP3l91s",1,7.138,7.138,8.662,1,3,7.94,7.94,9.389,1,6,3.077,3.077,4.822,1,6,3.617,3.617,4.795,1,1,0,0,11.136,0,4,20.894,20.894,21.832,1,NA,1,0,0,5.687,0,2,41.475,41.475,42.336,1,1,NA,0,0,22.7,0,5,17.786,17.786,18.988,1,0,NA,NA,NA,NA,NA,8,3.912,6.504,9.111,2,1,7,24.036,25.612,26.534,3,1,2,8.058,9.459,10.327,2,1,8,7.132,8.724,9.262,2,1,6,17.817,19.297,19.792,4,1,5,1.504,2.359,2.778,2,1,8,3.856,5.263,5.633,3,1,3,4.023,4.023,4.624,1
"146","R_87eSTxHC3LMeAed",1,6.367,6.367,8.251,1,3,6.046,6.046,7.639,1,6,4.614,4.614,7.671,1,6,4.57,4.57,10.381,1,0,0,0,9.479,0,4,15.42,15.42,17.217,1,NA,0,NA,NA,NA,NA,2,36.445,36.445,38.129,1,0,NA,NA,NA,NA,NA,1,30.424,30.424,32.081,1,NA,0,NA,NA,NA,NA,8,8.24,13.171,14.6,2,1,9,8.921,11.381,12.677,2,1,8,13.173,26.896,28.068,4,1,8,6.374,8.879,10.041,2,1,9,24.692,26.092,27.238,2,1,5,2.128,3.339,4.715,2,1,8,5.062,7.961,9.202,3,1,3,4.522,4.522,6.695,1
"147","R_2dy8HvTbdxUUhYZ",1,18.244,18.244,20.261,1,3,8.535,8.535,12.636,1,6,5.802,5.802,7.678,1,6,4.951,4.951,6.773,1,0,0,0,9.805,0,4,15.196,15.196,17.404,1,NA,0,NA,NA,NA,NA,5,115.334,115.334,117.191,1,NA,1,0,0,9.18,0,8,94.785,94.785,96.277,1,1,NA,3.904,4.894,18.77,2,8,10.321,16.322,18.223,2,1,2,37.87,42.345,43.474,2,1,4,41.991,44.51,45.764,2,1,8,17.5,20.15,25.33,2,1,6,97.5,99.685,100.861,2,1,5,13.478,17.388,19.132,2,1,8,4.898,9.95,11.695,2,0,NA,NA,NA,NA,NA
"148","R_2tu0kYOYdDfBZ9D",1,13.116,13.116,14.48,1,3,3.903,3.903,4.926,1,6,3.228,5.568,5.994,2,6,5.05,6.2,7.227,2,0,0,0,8.535,0,4,12.488,12.488,13.422,1,NA,NA,NA,NA,NA,NA,1,8.159,8.159,8.998,1,0,NA,NA,NA,NA,NA,1,11.494,11.494,12.29,1,NA,0,NA,NA,NA,NA,8,3.989,10.477,10.484,2,NA,7,14.585,17.145,18.473,3,1,1,12.35,13.524,16.132,2,1,8,13.866,15.608,16.215,2,1,3,28.163,29.155,29.795,2,1,5,2.205,5.087,5.573,3,1,8,5.44,6.559,7.186,2,1,3,4.351,4.351,5.313,1
"149","R_3O00RgbzeIJEwIw",1,5.14,5.14,6.702,1,3,9.041,9.041,12.465,1,6,8.654,8.654,10.058,1,6,8.626,8.626,9.892,1,1,0,0,7.233,0,4,13.095,13.095,16.962,1,NA,0,NA,NA,NA,NA,1,80.532,80.532,82.292,1,1,NA,0,0,11.931,0,1,26.465,26.465,27.992,1,NA,0,NA,NA,NA,NA,8,9.505,14.8,15.771,2,1,6,72.395,75.481,76.326,2,1,4,18.608,19.912,20.785,2,1,8,30.286,31.654,32.498,2,1,6,66.3,67.598,68.557,2,1,5,9.333,11.277,12.459,2,1,8,6.5,9.82,11.056,2,1,3,4.876,4.876,6.379,1
"150","R_bE0tJDEO5VSvgI1",1,6.138,6.138,8.866,1,2,13.442,13.442,16.291,1,6,6.981,11.453,12.771,2,6,6.471,18.383,22.12,2,1,0,0,11.99,0,4,20.528,20.528,22.639,1,NA,1,0,0,21.889,0,7,114.389,114.389,115.788,1,1,NA,0,0,52.4,0,5,165.972,165.972,167.379,1,1,NA,0,0,16.799,0,8,24.073,27.304,29.675,2,1,3,92.116,94.564,95.064,3,1,2,79.183,80.415,81.201,2,1,8,16.098,22.763,23.567,4,1,4,84.318,88.367,89.286,2,1,5,7.545,11.529,13.035,2,1,8,8.093,10.694,11.701,2,1,3,5.696,5.696,8.552,1
"151","R_2uKh2DkdneLUyme",1,3.139,3.139,4.764,1,3,3.35,3.974,4.344,2,6,1.967,2.447,2.657,2,6,3.437,3.437,4.063,1,1,0,0,0.904,0,4,30.738,30.738,31.22,1,NA,0,NA,NA,NA,NA,2,41.247,41.703,41.912,2,0,NA,NA,NA,NA,NA,1,25.217,25.217,25.97,1,NA,0,NA,NA,NA,NA,8,7.466,9.162,10.659,2,1,6,5.118,6.99,7.463,2,1,4,36.078,37.047,37.297,3,1,8,37.43,42.799,43.263,2,1,3,35.354,36.241,36.54,3,1,5,1.53,6.762,8.883,3,1,8,5.407,5.767,6.313,2,1,3,6.145,6.145,7.977,1
"152","R_3mgTgjvO78sG1XZ",1,5.028,5.028,6.922,1,3,7.063,19.591,22.422,3,6,2.73,2.73,3.981,1,6,4.797,4.797,5.481,1,1,0,0,9.21,0,4,22.204,22.204,27.833,1,NA,1,0,0,8.432,0,3,74.814,79.486,83.609,2,1,NA,0,0,77.821,0,1,51.407,51.407,52.302,1,NA,0,NA,NA,NA,NA,8,11.863,16.153,17.858,2,1,2,37.601,39.721,40.558,2,1,4,102.117,105.441,106.262,3,1,8,47.92,49.091,49.826,2,1,1,98.97,100.17,101.051,2,1,5,5.101,6.896,9.038,2,1,8,7.5,9.783,10.439,2,1,3,7.232,7.232,11.121,1
"153","R_1dizGqxVmS3FFoM",1,15.373,15.373,18.753,1,2,11.118,11.118,13.227,1,6,5.644,5.644,8.82,1,4,4.93,4.93,10.969,1,1,0,0,18.594,0,4,17.277,17.277,18.647,1,NA,0,NA,NA,NA,NA,5,138.748,138.748,141.23,1,NA,1,0,0,7.232,0,1,66.473,66.473,67.717,1,NA,0,NA,NA,NA,NA,8,13.647,18.822,23.546,2,1,5,61.278,84.838,86.106,7,1,4,31.491,37.176,49.81,2,1,8,13.032,19.78,20.462,3,1,9,37.747,38.487,39.198,2,1,5,2.739,4.174,18.014,2,1,8,4.48,13.145,14.085,3,1,3,4.551,4.551,5.728,1
"154","R_3lDG65UQCaE0tR4",1,7.137,7.137,9.572,1,3,6.069,6.069,7.434,1,6,3.081,3.081,4.4,1,6,9.734,9.734,10.762,1,1,0,0,14.326,0,5,34.747,34.747,36.521,1,1,NA,0,0,17.55,0,2,41.735,41.735,43.021,1,1,NA,0,0,47.548,0,1,26.231,26.231,31.372,1,NA,0,NA,NA,NA,NA,8,11.411,16.691,17.77,2,1,5,47.78,50.494,51.824,2,1,4,12.544,13.812,15.354,2,1,8,5.92,7.134,8.331,3,1,8,96.385,98.047,99,2,1,5,2.623,5.179,6.168,2,1,8,4.072,4.808,5.747,2,1,3,5.986,5.986,7.495,1
"155","R_1rkJKGnqAfHHZvw",1,1.963,1.963,2.899,1,2,3.123,3.123,4.366,1,6,2.403,2.403,3.247,1,6,2.344,4.785,6.03,3,1,0,0,1.142,0,4,5.362,5.362,6.525,1,NA,0,NA,NA,NA,NA,5,2.896,2.896,4.236,1,NA,0,NA,NA,NA,NA,1,3.921,3.921,5.447,1,NA,0,NA,NA,NA,NA,8,1.653,3.903,4.924,2,1,5,1.893,5.43,6.264,2,1,4,1.515,2.98,3.846,2,1,8,2.171,4.539,5.629,2,1,9,6.367,8.135,9.758,2,1,5,1.381,3.165,6.266,2,1,8,1.523,4.32,5.227,2,1,3,3.734,3.734,9.394,1
"156","R_1jDqGQy2nVL0nQT",1,14.911,14.911,18.252,1,3,14.946,14.946,17.041,1,6,4.015,4.015,5.2,1,6,6.411,6.411,8.63,1,1,0,0,12.819,0,4,28.409,28.409,30.954,1,NA,1,7.871,7.871,9.761,1,6,249.798,249.798,251.174,1,1,NA,4.769,60.776,61.957,9,1,24.556,24.556,26.347,1,NA,0,NA,NA,NA,NA,8,2.547,33.899,37.505,4,1,2,2.996,87.426,88.705,4,1,4,68.742,73.481,74.48,4,1,8,10.723,26.35,27.261,5,1,3,1.846,67.125,67.999,6,1,5,5.605,10.398,11.346,3,1,8,7.626,10.121,11.053,3,1,3,3.493,4.825,6.09,2
"157","R_2QxsoZEYCz8nSNt",1,6.493,6.493,8.174,1,3,7.181,7.181,8.263,1,6,6.266,6.266,7.185,1,6,7.562,7.562,8.848,1,1,0,0,15.144,0,4,16.185,16.185,18.819,1,NA,0,NA,NA,NA,NA,2,124.881,124.881,126.784,1,1,NA,16.307,60.443,61.569,2,1,110.32,110.32,117.91,1,NA,1,11.674,11.674,13.858,1,8,18.151,24.608,27.58,3,1,5,69.027,73.451,76.03,3,1,4,269.093,389.6,390.619,9,1,8,18.385,25.31,25.91,4,1,4,101.088,105.808,108.121,2,1,5,4.663,29.521,30.613,3,1,8,6.504,10.494,11.654,3,1,3,5.513,5.513,11.114,1
"158","R_3eyHaWLjfTGLSQu",1,9.249,9.249,11.673,1,3,6.28,6.28,8.352,1,6,5.773,5.773,7.239,1,6,5.673,5.673,7.171,1,0,0,0,14.22,0,4,29.535,29.535,31.651,1,NA,0,NA,NA,NA,NA,1,43.009,43.009,45.071,1,1,NA,0,0,26.499,0,5,41.68,81.529,83.297,2,1,NA,0,0,10.305,0,8,15.861,19.151,21.287,2,1,9,14.806,46.7,48.357,3,1,8,25.546,53.727,55.426,5,1,8,12.178,22.247,23.328,3,1,9,12.658,13.795,14.773,2,1,5,16.315,19.51,20.658,2,1,8,10.939,12.143,13.278,2,1,3,5.174,5.174,7.222,1
"159","R_2VvWOQxIHIcA3ML",1,16.367,16.367,20.129,1,3,7.389,7.389,9.306,1,6,4.326,4.326,5.785,1,6,5.347,11.5,14.876,2,1,0,0,10.042,0,4,14.199,14.199,18.522,1,NA,1,0,0,9.082,0,2,62.545,62.545,64.713,1,1,NA,0,0,59.685,0,1,25.339,25.339,27.35,1,NA,1,0,0,6.625,0,8,16.478,19.244,20.337,2,1,7,45.199,46.918,48.74,2,1,1,50.159,53.385,55.343,3,1,8,13.74,16.121,16.73,3,1,6,44.679,46.286,47.624,2,1,5,2.479,5.065,6.127,2,1,8,10.618,12.814,13.893,2,1,3,5.479,5.479,8.469,1
"160","R_10GfuiEhH3xqb5g",1,6.427,9.316,10.182,3,3,20.811,22.92,23.97,2,6,2.652,4.135,5.136,2,6,4.048,9.192,9.887,4,1,0,0,10.693,0,4,2.696,16.681,18.18,5,NA,1,6.116,6.569,7.532,2,1,3.506,59.145,60.538,7,1,NA,7.149,23.259,23.26,5,1,57.958,60.17,60.851,3,NA,0,NA,NA,NA,NA,8,6.228,22.408,23.108,8,1,2,8.37,64.465,65.782,6,1,4,8.61,25.467,26.561,6,1,8,2.83,16.784,17.845,6,1,8,3.606,101.861,102.847,12,1,5,2.409,7.364,8.694,4,1,8,2.727,9.075,10.46,6,1,3,2.798,8.847,9.58,5
"161","R_1fjz6NqCkth2XUx",1,9.328,9.328,11.867,1,6,29.034,29.034,30.677,1,6,28.452,28.452,29.9,1,6,24.711,24.711,26.192,1,0,0,0,13.163,0,4,34.548,70.267,72.187,4,NA,1,0,0,7.728,0,5,52.32,52.32,53.322,1,NA,0,NA,NA,NA,NA,4,73.103,73.103,74.638,1,1,NA,0,0,5.385,0,8,26.628,30.781,31.99,3,1,8,53.175,55.303,57.103,3,1,5,38.718,40.327,41.601,2,1,8,23.045,24.95,25.839,2,1,9,8.987,11.973,12.358,3,0,NA,NA,NA,NA,NA,NA,NA,NA,NA,NA,NA,NA,NA,NA,NA,NA,NA
"162","R_22K7KMUIFL3VO6P",1,12.507,12.507,14.075,1,3,12.562,12.562,14.25,1,6,4.802,4.802,6.102,1,6,6.142,6.142,7.546,1,1,0,0,11.723,0,5,20.253,26.001,27.292,2,1,NA,8.399,8.399,12.689,1,6,112.572,112.572,114.246,1,1,NA,5.801,19.469,21.26,5,1,38.722,38.722,40.08,1,NA,1,2.064,9.164,13.161,3,8,2.754,26.321,27.978,7,1,8,24.085,26.78,28.162,3,1,5,12.052,50.577,52.1,4,1,8,34.22,39.554,40.902,4,1,1,91.699,96.04,97.393,3,1,5,7.439,13.024,14.242,3,1,8,6.598,8.582,10.125,3,1,3,6.301,7.022,8.795,2
"163","R_22KsRHdpaXAoZ8X",1,4.599,4.599,7.748,1,3,14.446,14.446,16.425,1,6,3.44,3.44,4.802,1,6,7.64,7.64,9.552,1,0,0,0,7.997,0,4,78.599,78.599,80.049,1,NA,1,1.268,1.268,14.941,1,5,1.741,49,58.34,2,NA,1,1.449,1.449,4.988,1,1,34.62,34.62,35.939,1,NA,0,NA,NA,NA,NA,8,8.046,20.394,22.257,3,1,9,58.564,59.754,61.117,2,1,4,1.361,15.692,21.994,3,1,8,5.283,7.422,8.781,2,1,4,24.023,29.288,30.462,3,1,5,5.885,7.29,10.411,2,1,8,6.242,7.816,8.945,2,1,3,4.532,6.108,7.638,2
"164","R_2wtLFO0L62DHNfi",1,6.972,6.972,12.631,1,3,12.98,12.98,14.891,1,6,4.165,4.165,6.776,1,6,4.995,4.995,6.408,1,1,0,0,15.431,0,4,10.556,12.554,14.88,2,NA,0,NA,NA,NA,NA,2,30.808,34.154,35.557,2,1,NA,6.013,9.782,12.35,2,1,71.346,71.346,74.146,1,NA,0,NA,NA,NA,NA,8,6.071,20.899,22.49,5,1,2,10.328,46.521,47.916,5,1,8,6.803,45.943,47.048,9,1,6,23.26,47.775,49.055,5,1,6,5.112,27.043,28.468,4,1,5,1.606,5.713,7.078,4,1,8,3.494,9.797,11.435,4,1,3,3.218,5.374,7.12,2
"165","R_2OOP3HABHgRHjGZ",1,10.917,10.917,12.003,1,3,8.858,8.858,9.73,1,6,4.657,4.657,5.599,1,6,6.246,6.246,7.715,1,0,0,0,10.756,0,4,23.332,23.332,29.042,1,NA,0,NA,NA,NA,NA,3,69.365,69.365,70.204,1,1,NA,0,0,26.285,0,1,57.857,57.857,58.729,1,NA,0,NA,NA,NA,NA,8,13.309,15.582,16.162,2,1,2,44.084,45.13,45.745,2,1,2,31.62,32.845,33.335,2,1,8,12.198,13.053,13.86,2,1,4,14.686,15.473,15.952,2,1,5,2.381,3.135,5.133,2,1,8,3.747,5.356,5.997,2,1,3,6.091,6.091,7.402,1
"166","R_2s6o2hXG2Ebrbkd",1,10.768,10.768,12.336,1,3,8.35,8.35,10.004,1,6,3.951,3.951,6.078,1,6,5.487,5.487,6.695,1,0,0,0,9.49,0,4,7.285,13.261,14.685,3,NA,0,NA,NA,NA,NA,6,54.125,54.125,57.411,1,1,NA,0,0,27.916,0,1,26.6,26.6,27.99,1,NA,0,NA,NA,NA,NA,8,12.47,15.487,16.222,2,1,5,61.956,63.596,64.227,2,1,4,51.612,60.316,61.308,2,1,8,16.087,23.271,24.277,2,1,1,20.899,22.739,27.313,2,1,5,5.041,7.609,8.336,2,1,8,4.805,8.35,9.272,2,1,3,8.71,8.71,12.277,1
"167","R_2CwgPbS6UamFnC9",1,15.287,15.287,18.363,1,3,24.495,24.495,26.901,1,6,5.418,5.418,10.221,1,6,20.085,20.085,23.678,1,1,0,0,11.058,0,4,22.65,22.65,29.744,1,NA,1,0,0,20.93,0,1,246.627,246.627,249.755,1,1,NA,0,0,94.985,0,1,75.53,132.005,132.729,2,NA,0,NA,NA,NA,NA,8,12.333,18.134,19.778,3,1,2,176.696,209.694,211.693,2,1,4,26.049,41.837,49.298,3,1,8,15.273,17.852,19.265,2,1,4,159.926,352.829,354.194,3,1,5,13.988,16.037,16.932,2,1,8,7.837,11.814,12.919,2,1,3,11.131,11.131,17.698,1
"168","R_d5r2Lb9YmTvDS5b",1,6.577,7.512,9.62,2,3,6.395,6.395,8.304,1,6,3.28,3.28,4.447,1,6,3.258,3.258,4.101,1,1,0,0,7.565,0,4,8.75,8.75,29.901,1,NA,0,NA,NA,NA,NA,2,27.467,27.467,57.276,1,1,NA,0,0,20.1,0,1,33.375,33.375,34.852,1,NA,0,NA,NA,NA,NA,8,7.866,10.058,11.371,2,1,7,18.658,20.83,22.1,3,1,4,35.83,38.08,39.1,3,1,8,8.988,10.491,11.795,2,1,4,42.794,44.174,45.269,2,1,5,22.887,24.27,25.405,2,1,8,5.832,6.78,7.743,2,1,3,6.677,6.677,8.242,1
"169","R_3gY0ByY7dtHPoZj",1,5.979,5.979,8.434,1,3,7.16,7.16,9.544,1,6,6.455,6.455,7.844,1,6,8.317,8.317,10.3,1,1,0,0,10.036,0,4,11.372,11.372,13.669,1,NA,0,NA,NA,NA,NA,2,147.741,147.741,151.631,1,1,NA,38.903,38.903,40.539,1,1,40.923,40.923,43.21,1,NA,0,NA,NA,NA,NA,8,14.406,21.537,22.589,4,1,5,23.7,72.469,74.408,4,1,4,5.536,101.143,104.658,5,1,8,9.304,13.765,14.918,3,1,1,49.365,53.032,54.486,3,1,5,7.279,11.127,13.544,3,1,8,4.367,11.732,12.814,5,1,3,6.977,8.091,9.887,2
"170","R_3h4jpJhAp0mTpZk",1,15.212,15.212,19.601,1,3,11.831,32.739,39.444,2,6,8.257,8.257,13.014,1,6,8.41,8.41,14.299,1,1,0,0,15.08,0,4,27.476,27.476,39.471,1,NA,0,NA,NA,NA,NA,2,47.704,47.704,72.649,1,1,NA,0,0,133.345,0,1,33.636,33.636,55.751,1,NA,0,NA,NA,NA,NA,8,14.037,24.134,26.522,2,1,5,46.008,64.683,65.379,2,1,2,66.796,111.089,112.508,3,1,8,87.712,127.991,129.073,5,1,1,43.355,52.702,53.38,2,1,5,2.885,13.927,16.065,2,1,8,8.874,17.244,18.341,3,1,3,8.267,8.267,15.707,1
"171","R_DwoTh2BcqkrdT1f",1,7.488,10.333,11.597,3,3,6.178,7.534,8.571,2,6,3.268,3.268,4.615,1,3,0.733,6.369,7.7,3,0,0,0,4.544,0,4,10.248,11.292,12.491,2,NA,0,NA,NA,NA,NA,3,4.824,5.867,6.918,2,0,NA,NA,NA,NA,NA,5,3.679,4.637,5.663,2,0,NA,NA,NA,NA,NA,8,4.047,17.753,18.975,6,0,NA,NA,NA,NA,NA,NA,NA,NA,NA,NA,NA,NA,NA,NA,NA,NA,NA,NA,NA,NA,NA,NA,NA,NA,NA,NA,NA,NA,NA,NA,NA,NA,NA,NA,NA,NA,NA,NA,NA,NA,NA
"172","R_3KVZBX7mQAtsfFh",1,8.781,8.781,10.014,1,3,6.746,6.746,7.804,1,6,7.207,7.207,8.521,1,6,5.069,5.069,5.965,1,0,0,0,16.071,0,4,33.199,33.199,34.244,1,NA,1,0,0,21.966,0,5,32.457,32.457,33.306,1,NA,1,0,0,13.053,0,1,15.568,15.568,16.678,1,NA,0,NA,NA,NA,NA,8,13.481,15.511,16.778,2,1,5,63.899,65.723,66.405,2,1,9,80.756,82.275,83.823,2,1,8,8.836,11.383,12.037,2,1,1,48.87,54.926,55.551,2,1,5,10.774,11.706,12.407,2,1,8,8.176,8.99,9.501,2,1,3,6.797,6.797,7.696,1
"173","R_2OVHZZzaEgSriAz",1,7.159,7.159,11.728,1,3,4.82,4.82,7.289,1,6,9.176,9.176,10.227,1,6,12.959,12.959,14.977,1,1,0,0,14.097,0,4,12.598,12.598,13.453,1,NA,1,0,0,22.481,0,1,40.465,40.465,41.438,1,1,NA,0,0,35.623,0,1,72.82,72.82,84.901,1,NA,1,0,0,23.773,0,8,34.576,42.916,45.389,3,1,8,25.384,27.548,34.38,2,1,4,8.511,9.443,14.794,2,1,8,19.901,23.307,23.875,2,1,7,22.136,32.217,32.912,2,1,5,3.578,7.356,8.086,2,1,8,5.647,8.384,9.381,2,1,3,6.753,6.753,8.969,1
"174","R_2QQyD2Rn9xRXX0P",1,12.494,12.494,14.07,1,3,6.634,6.634,14.282,1,6,4.15,4.15,6.975,1,6,12.649,12.649,15.633,1,1,0,0,10.785,0,4,29.852,29.852,32.101,1,NA,1,0,0,5.92,0,2,144.213,144.213,145.541,1,1,NA,0,0,8.215,0,1,23.664,23.664,27.786,1,NA,1,4.033,4.033,4.38,1,8,15.648,22.424,23.899,2,1,3,81.834,117.37,119.077,3,1,4,8.625,21.25,21.995,2,1,8,7.939,12.355,13.196,2,1,4,68.387,88.339,89.047,2,1,5,5.946,11.978,13.877,2,1,8,4.976,10.249,11.322,3,1,3,5.383,5.383,11.302,1
"175","R_3HoFJzJlXIkX2ri",1,26.573,29.437,30.653,2,3,15.805,17.619,18.6,2,6,10.555,12.078,13.365,2,6,16.934,18.541,19.602,2,1,0,0,21.424,0,4,62.877,65.557,67.019,2,NA,1,8.627,14.466,15.656,2,2,83.55,85.751,86.7,2,1,NA,9.367,81.449,82.411,21,1,14.795,86.9,87.955,3,NA,1,11.408,11.408,12.547,1,8,12.086,39.839,40.838,6,1,5,11.934,91.327,92.828,4,1,4,58.825,67.121,68.53,5,1,8,26.198,29.733,30.994,3,1,8,46.852,52.485,53.731,4,1,5,9.586,13.134,14.513,3,1,8,12.424,15.717,17.195,3,1,3,11.024,13.845,16.533,2
"176","R_2ahmurw1PnO9dC2",1,8.485,8.485,10.934,1,3,6.889,7.325,9.639,2,6,2.897,2.897,4.848,1,6,6.468,6.468,7.912,1,0,0,0,9.517,0,4,10.77,10.77,12.676,1,NA,0,NA,NA,NA,NA,1,25.019,25.019,27.096,1,0,NA,NA,NA,NA,NA,3,13.327,13.327,15.692,1,0,NA,NA,NA,NA,NA,8,9.729,15.911,17.506,3,1,4,16.244,17.22,18.939,2,1,5,16.389,18.652,19.664,2,1,9,12.84,14.182,15.669,2,1,6,1.151,8.43,9.783,3,1,5,2.808,5.199,7.004,2,1,8,2.827,4.532,7.081,2,1,3,4.209,4.209,6.059,1
"177","R_Rxjw2wTqo8HSktr",1,5.543,5.543,9.47,1,3,4.986,4.986,6.512,1,6,5.853,5.853,7.328,1,6,9.041,9.041,11.04,1,1,0,0,16.227,0,4,18.279,18.279,21.323,1,NA,1,0,0,15.883,0,5,62.262,62.262,64.782,1,NA,1,0,0,14.862,0,1,42.17,42.17,45.116,1,NA,1,0,0,14.253,0,8,9.468,14.264,17.917,2,1,6,39.186,40.667,42.124,2,1,4,22.175,23.572,25.322,2,1,8,13.165,14.175,15.396,2,1,4,38.488,40.405,41.66,2,1,5,4.288,8,8.893,2,1,8,4.931,7.657,8.517,2,1,3,5.095,5.095,6.69,1
"178","R_3nfxeBXp8Svp8NM",1,7.854,7.854,9.77,1,3,3.503,3.503,4.998,1,6,3.373,3.373,5.109,1,3,3.091,3.091,4.747,1,1,0,0,9.449,0,4,26.981,26.981,29.55,1,NA,0,NA,NA,NA,NA,1,89.41,95.506,96.859,2,1,NA,0,0,64.322,0,1,31.539,31.539,34.012,1,NA,0,NA,NA,NA,NA,8,13.307,21.417,23.797,3,1,5,9.043,56.027,57.079,4,1,4,13.701,22.229,23.958,4,1,8,4.166,46.446,48.221,3,1,1,1.928,147.537,148.655,4,1,5,1.865,6.009,7.173,3,1,8,7.055,8.387,9.404,2,1,3,28.115,28.115,35.291,1
"179","R_334msZBSJEoH6RQ",1,9.138,9.138,10.288,1,3,12.79,12.79,13.789,1,6,5.947,7.219,7.622,2,6,3.95,3.95,4.992,1,1,0,0,13.733,0,4,22.451,22.451,28.229,1,NA,0,NA,NA,NA,NA,1,68.453,68.453,69.448,1,1,NA,0,0,19.669,0,1,112.562,112.562,113.55,1,NA,0,NA,NA,NA,NA,8,19.272,24.42,25.441,3,1,2,33.514,35.004,35.996,2,1,4,99.856,108.083,108.933,4,1,8,12.66,47.879,48.796,3,1,9,104.767,105.241,105.703,2,1,5,3.071,8.11,8.448,2,1,8,4.35,8.41,9.008,4,1,3,4.301,4.301,5.5,1
"180","R_2rBpIJYyUFxL1eB",1,6.701,6.701,8.154,1,3,5.032,5.032,8.359,1,6,2.9,2.9,5.347,1,6,3.092,3.092,4.536,1,1,0,0,2.621,0,4,13.185,13.185,14.605,1,NA,0,NA,NA,NA,NA,5,81.797,81.797,83.042,1,NA,NA,NA,NA,NA,NA,1,34.859,34.859,36.445,1,NA,NA,NA,NA,NA,NA,8,19.21,24.834,26.22,3,1,5,40.541,48.045,48.831,2,1,4,19.367,21.072,28.642,2,1,8,22.246,25.214,25.88,2,1,4,44.539,48.059,48.804,3,1,5,10.891,13.651,14.548,2,1,8,5.667,7.075,7.82,2,1,3,8.337,8.337,11.548,1
"181","R_Zy6GAnXFh2uowud",1,4.096,4.096,6.993,1,3,10.149,10.149,11.338,1,6,4.073,4.073,5.481,1,3,4.624,4.624,6.112,1,1,0,0,9.318,0,4,11.054,11.054,13.712,1,NA,1,5.89,8.818,10.756,3,3,54.561,54.561,159.145,1,1,NA,2.977,70.865,72.51,11,1,32.457,32.457,34.735,1,NA,1,8.256,11.264,13.462,3,8,7.219,12.706,14.701,3,1,5,4.687,124.471,125.734,5,1,4,18.704,22.043,23.084,3,1,8,14.032,16.593,17.667,3,1,8,217.941,238.423,240.126,4,1,5,6.701,14.131,16.673,2,1,8,5.419,8.389,9.591,3,1,3,5.653,5.653,7.896,1
"182","R_2RRkeRfohCKCTdK",1,2.204,2.204,3.86,1,3,5.134,5.134,6.18,1,6,1.416,1.416,2.897,1,6,3.667,3.667,4.718,1,1,0,0,3.536,0,4,4.108,4.108,5.099,1,NA,1,0,0,1.381,0,5,4.188,6.942,7.875,2,NA,1,0,0,1.226,0,1,4.563,4.563,6.411,1,NA,1,0,0,1.855,0,8,3.771,7.708,8.565,2,1,5,7.291,8.897,9.816,2,1,4,9.111,10.593,11.516,2,1,8,4.335,5.349,6.326,2,1,9,124.324,132.247,134.028,10,1,5,1.335,2.459,3.94,2,1,8,2.254,4.507,5.376,2,1,3,6.621,6.621,9.779,1
"183","R_1q23dwo7ajdqMzr",1,7.908,12.935,15.233,2,4,7.419,11.554,13.114,2,6,5.124,8.254,9.256,2,6,27.124,28.659,29.778,2,1,0,0,10.37,0,4,17.392,18.809,19.789,2,NA,0,NA,NA,NA,NA,5,47.258,48.752,50.195,2,NA,1,8.705,16.402,18.598,3,1,29.23,30.395,31.324,2,NA,0,NA,NA,NA,NA,8,5.225,17.528,18.586,5,1,5,7.941,162.737,163.933,4,1,4,5.422,130.949,132.322,4,1,8,2.86,19.67,20.977,6,1,7,5.455,131.194,133.11,4,1,5,2.896,9.917,11.737,3,1,8,3.675,9.1,11.844,3,1,3,6.539,9.316,10.341,3
"184","R_2D00FqCYrij8YED",1,6.142,6.142,8.211,1,3,5.469,5.469,8.184,1,6,3.904,3.904,4.98,1,6,4.545,4.545,5.628,1,1,0,0,10.431,0,4,17.404,17.404,23.033,1,NA,0,NA,NA,NA,NA,2,101.824,101.824,103.335,1,1,NA,0,0,70.347,0,1,21.329,21.329,25.052,1,NA,0,NA,NA,NA,NA,8,11.183,20.175,20.651,3,1,5,48.943,51.487,53.043,2,1,4,24.966,27.102,31.042,2,1,8,7.935,9.222,10.336,2,1,9,46.428,47.604,50.553,2,0,NA,NA,NA,NA,NA,NA,NA,NA,NA,NA,NA,NA,NA,NA,NA,NA,NA
"185","R_3QMjiTEBMdyZ1UU",5,5.665,5.665,7.547,1,3,5.505,5.505,8.001,1,6,1.997,1.997,3.091,1,5,2.072,2.072,3.542,1,0,0,0,9.521,0,7,5.441,5.441,6.817,1,0,NA,NA,NA,NA,NA,3,3.216,3.216,5.068,1,0,NA,NA,NA,NA,NA,4,3.142,3.142,4.627,1,0,NA,NA,NA,NA,NA,2,3.77,7.779,9.711,3,1,8,2.982,5.022,6.426,2,1,6,2.996,4.849,5.801,2,1,6,1.89,3.387,4.508,2,1,5,1.774,3.793,4.851,2,1,5,1.517,3.42,4.584,2,1,8,1.975,3.516,4.473,2,1,4,1.682,1.682,3.372,1
"186","R_1gnoTEUUAONm9pD",1,8.467,8.467,9.465,1,3,5.621,5.621,8.937,1,6,3.762,3.762,6.635,1,6,7.563,7.563,10.016,1,1,0,0,8.212,0,4,35.566,35.566,38.607,1,NA,1,0,0,12.975,0,5,66.407,66.407,67.481,1,NA,1,0,0,5.216,0,1,14.263,14.263,15.231,1,NA,0,NA,NA,NA,NA,8,19.326,23.304,24.686,2,1,5,59.303,62.957,63.591,2,1,9,81.904,83.062,83.522,2,1,8,9.76,12.422,14.63,2,1,9,50.276,50.906,52.584,2,1,5,6.105,10.413,11.695,2,1,8,4.584,10.432,11.048,3,1,3,6.576,6.576,7.931,1
"187","R_3iJV4DcESA7yGyc",1,7.77,7.883,9.56,2,3,7.13,7.13,8.415,1,6,2.925,2.925,4.178,1,6,5.007,5.096,6.031,2,1,0,0,2.6,0,4,39.042,39.042,40.601,1,NA,1,0,0,6.05,0,5,25.596,25.596,76.066,1,NA,1,0,0,6.478,0,1,53.837,53.837,54.801,1,NA,1,0,0,4.194,0,8,6.003,17.662,19.601,2,1,2,36.238,40.422,43.758,2,1,4,18.375,23.456,25.485,2,1,8,8.371,14.948,15.629,3,1,3,12.142,88.333,90.257,4,1,5,2.292,3.508,7.394,3,1,8,9.771,10.628,11.627,2,1,3,4.446,4.446,7.747,1
"188","R_6YdZIZoHexF9og9",1,11.833,11.833,17.944,1,3,6.186,6.186,8.601,1,6,6.036,6.036,7.56,1,6,5.209,5.209,7.022,1,1,0,0,12.092,0,4,24.17,24.17,38.069,1,NA,1,0,0,27.464,0,5,33.412,33.412,44.953,1,NA,0,NA,NA,NA,NA,1,18.429,18.429,22.036,1,NA,0,NA,NA,NA,NA,8,20.943,22.887,24.521,2,1,5,103.145,171.694,176.025,4,1,4,17.412,28.518,29.533,2,1,8,5.263,6.315,9.338,2,1,4,50.508,52.559,53.7,2,1,5,4.196,6.422,13.05,2,1,8,6.576,7.79,13.033,2,1,3,4.647,4.647,12.668,1
"189","R_3KI5Bn1J3G0DSga",1,7.32,7.32,8.402,1,3,5.516,5.516,6.76,1,6,4.663,4.663,6.546,1,6,6.215,6.215,8.086,1,0,0,0,3.778,0,4,14.469,14.469,15.533,1,NA,1,0,0,6.786,0,3,16.506,16.506,17.793,1,NA,NA,NA,NA,NA,NA,1,35.95,35.95,37.292,1,NA,NA,NA,NA,NA,NA,8,18.795,20.419,23.648,2,1,2,42.842,45.362,46.881,2,1,9,51.799,53.128,54.464,2,1,8,8.346,9.482,10.835,2,1,4,31.146,33.281,34.065,2,1,5,3.263,5.629,6.72,2,1,8,8.806,10.037,10.857,2,1,3,12.372,12.372,13.971,1
"190","R_3mn9najNmkHtZgI",1,9.781,9.781,10.838,1,3,9.831,9.831,13.821,1,6,4.66,10.081,10.621,2,6,12.149,12.149,12.911,1,0,0,0,16.779,0,4,17.348,17.348,18.094,1,NA,0,NA,NA,NA,NA,2,30.315,186.919,187.867,5,1,NA,0,0,12.848,0,1,116.463,116.463,126.804,1,NA,0,NA,NA,NA,NA,8,8.878,16.563,17.817,2,1,5,91.967,92.833,93.874,2,1,4,26.158,27.34,28.959,3,1,8,6.621,7.312,7.984,2,1,9,45.873,56.657,57.417,4,1,5,5.154,6.403,7.254,2,1,8,7.064,10.71,11.406,2,1,3,10.167,10.167,10.87,1
"191","R_C30CtXhmPo8Ste9",1,12.162,18.236,19.012,2,3,16.474,19.726,21.401,2,6,7.892,10.177,11.354,2,6,12.52,16.297,17.42,2,0,0,0,22.102,0,4,28.088,31.462,32.772,2,NA,1,3.137,5.325,7.009,4,5,163.712,165.782,166.989,2,NA,1,3.326,17.957,20.447,7,5,54.757,56.854,58.133,2,1,NA,15.495,48.583,50.811,10,8,14.126,28.462,30.633,6,1,5,4.013,120.765,121.499,6,1,4,9.009,50.986,51.585,13,1,8,18.43,22.791,23.344,5,1,4,9.888,120.429,121.064,7,1,5,17.825,23.17,29.448,7,1,8,8.305,11.023,11.656,4,1,3,13.866,15.904,16.479,3
"192","R_0pPq6DFiYD3yeoF",1,4.879,4.879,6.211,1,3,5.88,5.88,6.8,1,6,2.373,2.373,3.151,1,6,5.654,5.654,6.517,1,1,0,0,9.716,0,4,14.05,14.05,14.948,1,NA,0,NA,NA,NA,NA,5,129.979,129.979,130.962,1,NA,0,NA,NA,NA,NA,1,20.976,20.976,21.841,1,NA,0,NA,NA,NA,NA,8,12.226,16.049,16.501,2,1,5,72.175,74.546,75.113,2,1,1,65.38,69.909,72.438,4,1,8,15.051,25.563,26.23,3,1,1,34.041,46.305,47.48,3,0,NA,NA,NA,NA,NA,NA,NA,NA,NA,NA,NA,NA,NA,NA,NA,NA,NA
"193","R_1OvtCgjMQz6g4iG",1,6.227,6.227,8.137,1,3,7.487,9.991,13.558,2,6,4.438,4.438,7.188,1,6,6.704,6.704,8.316,1,1,0,0,10.021,0,4,11.808,11.808,13.485,1,NA,1,0,0,8.738,0,3,39.074,39.074,40.085,1,1,NA,0,0,38.743,0,1,27.43,27.43,36.53,1,NA,0,NA,NA,NA,NA,8,17.517,31.989,33.139,2,1,2,54.354,55.266,55.984,2,1,5,65.763,67.027,67.799,2,1,8,15.439,17.959,20.119,2,1,9,50.567,51.575,52.981,2,1,5,4.039,5.103,9.053,2,1,8,6.979,8.867,13.704,2,1,3,6.676,6.676,14.225,1
"194","R_11gsSKnsNzjQ1y3",1,7.613,7.613,10.724,1,3,7.221,7.221,10.459,1,6,5.064,5.064,6.022,1,6,7.953,7.953,9.153,1,0,0,0,7.57,0,4,46.233,46.233,47.377,1,NA,1,27.271,29.326,30.381,3,1,94.198,94.198,118.796,1,1,NA,0,0,21.324,0,1,43.112,43.112,44.15,1,NA,0,NA,NA,NA,NA,8,9.481,17.313,18.054,3,1,6,0.628,38.837,39.644,3,1,4,21.727,49.575,50.95,2,1,8,11.997,16.525,33.724,2,1,2,216.49,220.178,221.009,3,1,5,8.473,19.009,20.879,2,1,8,5.68,8.089,8.655,2,1,3,21.522,21.522,23.177,1
"195","R_uwbanEEMkkEP8kh",1,7.661,7.661,8.761,1,3,4.814,4.814,6.303,1,6,3.374,3.374,4.457,1,6,3.112,6.526,10.581,2,1,0,0,10.18,0,1,7.336,7.336,9.032,1,1,NA,0,0,23.215,0,2,51.282,51.282,53.014,1,0,NA,NA,NA,NA,NA,1,15.161,15.161,15.944,1,NA,0,NA,NA,NA,NA,8,5.054,8.507,9.519,2,1,2,22.361,31.979,32.578,3,1,4,19.735,23.012,23.57,2,1,8,6.795,7.762,8.273,2,1,9,16.994,17.816,18.235,2,1,5,5.35,6.269,7.323,2,1,8,3.958,4.827,5.333,2,1,4,5.906,6.87,7.163,2
"196","R_1hywzvyUpRu84qn",1,13.28,13.28,15.957,1,3,5.465,5.465,7.165,1,6,8.166,8.166,9.009,1,6,7.893,7.893,9.118,1,1,0,0,7.62,0,4,19.072,19.072,20.295,1,NA,0,NA,NA,NA,NA,6,74.921,74.921,76.337,1,1,NA,0,0,28.206,0,1,33.236,33.236,34.205,1,NA,0,NA,NA,NA,NA,8,9.934,10.9,14.676,2,1,9,41.952,43.296,46.197,2,1,4,22.102,24.146,24.904,2,1,8,13.318,14.304,15.447,2,1,9,48.752,49.731,51.014,2,1,5,3.395,6.207,8.075,2,1,8,6.24,6.868,7.882,2,1,2,5.327,5.327,6.371,1
"197","R_1nPZVLKCIHrKUBm",1,0.275,6.45,9.571,2,3,8.539,8.539,9.836,1,6,4.355,6.751,7.776,2,6,6.363,6.363,8.097,1,1,0,0,12.728,0,4,8.631,8.631,10.301,1,NA,1,0,0,11.009,0,5,84.74,84.74,86.708,1,NA,1,0,0,71.319,0,1,16.409,16.409,17.913,1,NA,1,0,0,18.408,0,8,3.878,18.174,19.294,4,1,5,2.882,28.973,30.135,4,1,4,7.535,31.59,33.099,4,1,8,13.174,20.319,21.377,3,1,1,39.872,117.392,118.538,5,1,5,5.596,14.339,15.393,4,1,8,5.418,7.857,9.997,3,1,3,5.783,5.783,7.234,1
